patient_id,sample_id,er_status,pr_status,her2_status,rppa_cluster,tumor_stage,pam50_subtype,cancer_type_detailed
TCGA-A1-A0SB,TCGA-A1-A0SB-01,Positive,Negative,Negative,Unknown,T1,Unknown,Invasive Breast Carcinoma
TCGA-A1-A0SD,TCGA-A1-A0SD-01,Positive,Positive,Negative,Unknown,T2,Luminal A,Invasive Breast Carcinoma
TCGA-A1-A0SE,TCGA-A1-A0SE-01,Positive,Positive,Negative,Unknown,T1,Luminal A,Invasive Breast Carcinoma
TCGA-A1-A0SF,TCGA-A1-A0SF-01,Positive,Positive,Negative,Unknown,T2,Unknown,Invasive Breast Carcinoma
TCGA-A1-A0SG,TCGA-A1-A0SG-01,Positive,Positive,Negative,Unknown,T2,Unknown,Invasive Breast Carcinoma
TCGA-A1-A0SH,TCGA-A1-A0SH-01,Negative,Positive,Negative,Her2,T2,Luminal A,Invasive Breast Carcinoma
TCGA-A1-A0SI,TCGA-A1-A0SI-01,Positive,Positive,Negative,Unknown,T2,Unknown,Invasive Breast Carcinoma
TCGA-A1-A0SJ,TCGA-A1-A0SJ-01,Positive,Positive,Negative,ReacI,T3,Luminal A,Invasive Breast Carcinoma
TCGA-A1-A0SK,TCGA-A1-A0SK-01,Negative,Negative,Negative,Basal,T2,Basal-like,Invasive Breast Carcinoma
TCGA-A1-A0SM,TCGA-A1-A0SM-01,Positive,Negative,Positive,Unknown,T2,Luminal B,Invasive Breast Carcinoma
TCGA-A1-A0SN,TCGA-A1-A0SN-01,Positive,Positive,Positive,Unknown,T1,Unknown,Invasive Breast Carcinoma
TCGA-A1-A0SO,TCGA-A1-A0SO-01,Negative,Negative,Negative,Basal,T2,Basal-like,Invasive Breast Carcinoma
TCGA-A1-A0SP,TCGA-A1-A0SP-01,Negative,Negative,Negative,Unknown,T2,Unknown,Invasive Breast Carcinoma
TCGA-A1-A0SQ,TCGA-A1-A0SQ-01,Positive,Positive,Negative,Unknown,T2,Unknown,Invasive Breast Carcinoma
TCGA-A2-A04N,TCGA-A2-A04N-01,Positive,Positive,Negative,LumA,T1,Luminal A,Invasive Breast Carcinoma
TCGA-A2-A04P,TCGA-A2-A04P-01,Negative,Negative,Negative,Basal,T2,Basal-like,Invasive Breast Carcinoma
TCGA-A2-A04Q,TCGA-A2-A04Q-01,Negative,Negative,Negative,ReacII,T1,Basal-like,Invasive Breast Carcinoma
TCGA-A2-A04R,TCGA-A2-A04R-01,Positive,Positive,Negative,Unknown,T1,Luminal B,Invasive Breast Carcinoma
TCGA-A2-A04T,TCGA-A2-A04T-01,Negative,Negative,Negative,Basal,T2,Basal-like,Invasive Breast Carcinoma
TCGA-A2-A04U,TCGA-A2-A04U-01,Negative,Negative,Negative,Basal,T2,Basal-like,Invasive Breast Carcinoma
TCGA-A2-A04V,TCGA-A2-A04V-01,Positive,Positive,Negative,LumA/B,T2,Luminal A,Invasive Breast Carcinoma
TCGA-A2-A04W,TCGA-A2-A04W-01,Negative,Negative,Positive,Her2,T2,HER2-enriched,Invasive Breast Carcinoma
TCGA-A2-A04X,TCGA-A2-A04X-01,Positive,Positive,Positive,Unknown,T2,HER2-enriched,Invasive Breast Carcinoma
TCGA-A2-A04Y,TCGA-A2-A04Y-01,Positive,Positive,Negative,LumA,T2,Luminal A,Invasive Breast Carcinoma
TCGA-A2-A0CL,TCGA-A2-A0CL-01,Positive,Positive,Negative,Basal,T3,HER2-enriched,Invasive Breast Carcinoma
TCGA-A2-A0CM,TCGA-A2-A0CM-01,Negative,Negative,Negative,Basal,T2,Basal-like,Invasive Breast Carcinoma
TCGA-A2-A0CP,TCGA-A2-A0CP-01,Positive,Positive,Negative,X,T1,Luminal A,Invasive Breast Carcinoma
TCGA-A2-A0CQ,TCGA-A2-A0CQ-01,Positive,Positive,Negative,LumA/B,T1,Luminal A,Invasive Breast Carcinoma
TCGA-A2-A0CS,TCGA-A2-A0CS-01,Positive,Positive,Negative,LumA,T4,Luminal A,Invasive Breast Carcinoma
TCGA-A2-A0CT,TCGA-A2-A0CT-01,Positive,Negative,Negative,LumA/B,T2,Luminal B,Invasive Breast Carcinoma
TCGA-A2-A0CU,TCGA-A2-A0CU-01,Positive,Positive,Negative,LumA/B,T2,Luminal A,Invasive Breast Carcinoma
TCGA-A2-A0CV,TCGA-A2-A0CV-01,Positive,Positive,Negative,LumA/B,T2,Luminal A,Invasive Breast Carcinoma
TCGA-A2-A0CW,TCGA-A2-A0CW-01,Positive,Positive,Negative,LumA/B,T2,Luminal B,Invasive Breast Carcinoma
TCGA-A2-A0CX,TCGA-A2-A0CX-01,Positive,Negative,Positive,Her2,T2,HER2-enriched,Invasive Breast Carcinoma
TCGA-A2-A0CY,TCGA-A2-A0CY-01,Positive,Positive,Negative,LumA/B,T2,HER2-enriched,Invasive Breast Carcinoma
TCGA-A2-A0CZ,TCGA-A2-A0CZ-01,Positive,Positive,Negative,ReacII,T2,Luminal A,Invasive Breast Carcinoma
TCGA-A2-A0D0,TCGA-A2-A0D0-01,Negative,Negative,Negative,Basal,T2,Basal-like,Invasive Breast Carcinoma
TCGA-A2-A0D1,TCGA-A2-A0D1-01,Negative,Negative,Positive,Basal,T2,HER2-enriched,Invasive Breast Carcinoma
TCGA-A2-A0D2,TCGA-A2-A0D2-01,Negative,Negative,Negative,Basal,T2,Basal-like,Invasive Breast Carcinoma
TCGA-A2-A0D3,TCGA-A2-A0D3-01,Positive,Positive,Negative,LumA,T1,Luminal A,Invasive Breast Carcinoma
TCGA-A2-A0D4,TCGA-A2-A0D4-01,Positive,Positive,Negative,LumA/B,T2,Luminal B,Invasive Breast Carcinoma
TCGA-A2-A0EM,TCGA-A2-A0EM-01,Positive,Positive,Negative,Unknown,T1,Luminal A,Invasive Breast Carcinoma
TCGA-A2-A0EN,TCGA-A2-A0EN-01,Positive,Positive,Negative,Unknown,T2,Luminal A,Invasive Breast Carcinoma
TCGA-A2-A0EO,TCGA-A2-A0EO-01,Positive,Positive,Negative,LumA,T1,Luminal A,Invasive Breast Carcinoma
TCGA-A2-A0EQ,TCGA-A2-A0EQ-01,Negative,Negative,Positive,Basal,T2,HER2-enriched,Invasive Breast Carcinoma
TCGA-A2-A0ER,TCGA-A2-A0ER-01,Positive,Positive,Negative,ReacII,T1,Luminal B,Invasive Breast Carcinoma
TCGA-A2-A0ES,TCGA-A2-A0ES-01,Positive,Positive,Negative,ReacII,T2,Luminal A,Invasive Breast Carcinoma
TCGA-A2-A0ET,TCGA-A2-A0ET-01,Positive,Positive,Negative,Unknown,T2,Luminal A,Invasive Breast Carcinoma
TCGA-A2-A0EU,TCGA-A2-A0EU-01,Positive,Positive,Negative,ReacI,T1,Luminal A,Invasive Breast Carcinoma
TCGA-A2-A0EV,TCGA-A2-A0EV-01,Positive,Positive,Negative,ReacI,T1,Luminal A,Invasive Breast Carcinoma
TCGA-A2-A0EW,TCGA-A2-A0EW-01,Positive,Positive,Negative,ReacI,T1,Luminal A,Invasive Breast Carcinoma
TCGA-A2-A0EX,TCGA-A2-A0EX-01,Positive,Positive,Negative,ReacI,T3,Luminal A,Invasive Breast Carcinoma
TCGA-A2-A0EY,TCGA-A2-A0EY-01,Positive,Negative,Positive,Her2,T2,Luminal B,Invasive Breast Carcinoma
TCGA-A2-A0ST,TCGA-A2-A0ST-01,Negative,Negative,Negative,Basal,T1,Basal-like,Invasive Breast Carcinoma
TCGA-A2-A0SU,TCGA-A2-A0SU-01,Positive,Positive,Negative,LumA/B,T2,Luminal A,Invasive Breast Carcinoma
TCGA-A2-A0SV,TCGA-A2-A0SV-01,Positive,Positive,Negative,Basal,T2,Luminal B,Invasive Breast Carcinoma
TCGA-A2-A0SW,TCGA-A2-A0SW-01,Positive,Negative,Negative,Basal,T2,Luminal B,Invasive Breast Carcinoma
TCGA-A2-A0SX,TCGA-A2-A0SX-01,Negative,Negative,Negative,Basal,T1,Basal-like,Invasive Breast Carcinoma
TCGA-A2-A0SY,TCGA-A2-A0SY-01,Positive,Positive,Positive,Unknown,T3,Luminal A,Invasive Breast Carcinoma
TCGA-A2-A0T0,TCGA-A2-A0T0-01,Negative,Negative,Negative,Basal,T2,Basal-like,Invasive Breast Carcinoma
TCGA-A2-A0T1,TCGA-A2-A0T1-01,Negative,Negative,Positive,Her2,T3,HER2-enriched,Invasive Breast Carcinoma
TCGA-A2-A0T2,TCGA-A2-A0T2-01,Negative,Negative,Negative,Basal,T3,Basal-like,Invasive Breast Carcinoma
TCGA-A2-A0T3,TCGA-A2-A0T3-01,Positive,Positive,Negative,ReacII,T1,Luminal B,Invasive Breast Carcinoma
TCGA-A2-A0T4,TCGA-A2-A0T4-01,Positive,Positive,Negative,ReacI,T2,Luminal B,Invasive Breast Carcinoma
TCGA-A2-A0T5,TCGA-A2-A0T5-01,Positive,Positive,Negative,LumA,T2,Luminal A,Invasive Breast Carcinoma
TCGA-A2-A0T6,TCGA-A2-A0T6-01,Positive,Positive,Negative,ReacI,T3,Luminal A,Invasive Breast Carcinoma
TCGA-A2-A0T7,TCGA-A2-A0T7-01,Positive,Positive,Negative,ReacI,T2,Luminal A,Invasive Breast Carcinoma
TCGA-A2-A0YC,TCGA-A2-A0YC-01,Positive,Positive,Negative,ReacII,T2,Luminal A,Invasive Breast Carcinoma
TCGA-A2-A0YD,TCGA-A2-A0YD-01,Positive,Positive,Negative,LumA,T3,Luminal A,Invasive Breast Carcinoma
TCGA-A2-A0YE,TCGA-A2-A0YE-01,Negative,Negative,Negative,X,T2,Basal-like,Invasive Breast Carcinoma
TCGA-A2-A0YF,TCGA-A2-A0YF-01,Positive,Negative,Negative,ReacII,T1,Luminal A,Invasive Breast Carcinoma
TCGA-A2-A0YG,TCGA-A2-A0YG-01,Positive,Positive,Positive,Her2,T2,Luminal B,Invasive Breast Carcinoma
TCGA-A2-A0YH,TCGA-A2-A0YH-01,Positive,Positive,Negative,LumA/B,T2,Luminal B,Invasive Breast Carcinoma
TCGA-A2-A0YI,TCGA-A2-A0YI-01,Positive,Positive,Negative,ReacI,T1,Luminal A,Invasive Breast Carcinoma
TCGA-A2-A0YJ,TCGA-A2-A0YJ-01,Positive,Negative,Negative,Basal,T3,Basal-like,Invasive Breast Carcinoma
TCGA-A2-A0YK,TCGA-A2-A0YK-01,Positive,Negative,Negative,ReacII,T2,Normal-like,Invasive Breast Carcinoma
TCGA-A2-A0YL,TCGA-A2-A0YL-01,Positive,Positive,Negative,ReacI,T3,Luminal A,Invasive Breast Carcinoma
TCGA-A2-A0YM,TCGA-A2-A0YM-01,Negative,Negative,Negative,Basal,T2,Basal-like,Invasive Breast Carcinoma
TCGA-A2-A0YT,TCGA-A2-A0YT-01,Positive,Negative,Negative,Unknown,T4,Unknown,Invasive Breast Carcinoma
TCGA-A2-A1FV,TCGA-A2-A1FV-01,Positive,Positive,Negative,Unknown,T3,Unknown,Invasive Breast Carcinoma
TCGA-A2-A1FW,TCGA-A2-A1FW-01,Positive,Negative,Negative,Unknown,T3,Unknown,Invasive Breast Carcinoma
TCGA-A2-A1FX,TCGA-A2-A1FX-01,Positive,Positive,Negative,Unknown,T3,Unknown,Invasive Breast Carcinoma
TCGA-A2-A1FZ,TCGA-A2-A1FZ-01,Positive,Positive,Negative,Unknown,T2,Unknown,Invasive Breast Carcinoma
TCGA-A2-A1G0,TCGA-A2-A1G0-01,Positive,Positive,Negative,Unknown,T2,Unknown,Invasive Breast Carcinoma
TCGA-A2-A1G1,TCGA-A2-A1G1-01,Negative,Negative,Positive,Unknown,T2,Unknown,Invasive Breast Carcinoma
TCGA-A2-A1G4,TCGA-A2-A1G4-01,Positive,Positive,Negative,Unknown,T3,Unknown,Invasive Breast Carcinoma
TCGA-A2-A1G6,TCGA-A2-A1G6-01,Negative,Negative,Negative,Unknown,T2,Unknown,Invasive Breast Carcinoma
TCGA-A2-A259,TCGA-A2-A259-01,Positive,Positive,Negative,Unknown,T1,Unknown,Invasive Breast Carcinoma
TCGA-A2-A25A,TCGA-A2-A25A-01,Positive,Positive,Negative,Unknown,T2,Unknown,Invasive Breast Carcinoma
TCGA-A2-A25B,TCGA-A2-A25B-01,Positive,Positive,Negative,Unknown,T2,Unknown,Invasive Breast Carcinoma
TCGA-A2-A25C,TCGA-A2-A25C-01,Positive,Positive,Negative,Unknown,T2,Unknown,Invasive Breast Carcinoma
TCGA-A2-A25D,TCGA-A2-A25D-01,Positive,Negative,Negative,Unknown,T2,Unknown,Invasive Breast Carcinoma
TCGA-A2-A25E,TCGA-A2-A25E-01,Positive,Positive,Unknown,Unknown,T2,Unknown,Invasive Breast Carcinoma
TCGA-A2-A25F,TCGA-A2-A25F-01,Negative,Positive,Negative,Unknown,T2,Unknown,Invasive Breast Carcinoma
TCGA-A7-A0CD,TCGA-A7-A0CD-01,Positive,Positive,Negative,LumA,T1,Luminal A,Invasive Breast Carcinoma
TCGA-A7-A0CE,TCGA-A7-A0CE-01,Negative,Negative,Negative,Basal,T2,Basal-like,Invasive Breast Carcinoma
TCGA-A7-A0CG,TCGA-A7-A0CG-01,Positive,Negative,Negative,ReacI,T2,Luminal A,Invasive Breast Carcinoma
TCGA-A7-A0CH,TCGA-A7-A0CH-01,Unknown,Unknown,Negative,LumA,T2,Luminal A,Invasive Breast Carcinoma
TCGA-A7-A0CJ,TCGA-A7-A0CJ-01,Positive,Positive,Negative,LumA/B,T2,Luminal B,Invasive Breast Carcinoma
TCGA-A7-A0D9,TCGA-A7-A0D9-01,Positive,Negative,Negative,ReacII,T2,Luminal A,Invasive Breast Carcinoma
TCGA-A7-A0DA,TCGA-A7-A0DA-01,Negative,Negative,Negative,X,T2,Basal-like,Invasive Breast Carcinoma
TCGA-A7-A0DB,TCGA-A7-A0DB-01,Positive,Positive,Negative,LumA,T2,Luminal A,Invasive Breast Carcinoma
TCGA-A7-A0DC,TCGA-A7-A0DC-01,Positive,Negative,Negative,Unknown,T1,Unknown,Invasive Breast Carcinoma
TCGA-A7-A13D,TCGA-A7-A13D-01,Negative,Positive,Negative,ReacII,T2,Basal-like,Invasive Breast Carcinoma
TCGA-A7-A13E,TCGA-A7-A13E-01,Positive,Negative,Negative,Basal,T2,Basal-like,Invasive Breast Carcinoma
TCGA-A7-A13F,TCGA-A7-A13F-01,Positive,Positive,Negative,LumA/B,T3,Luminal B,Invasive Breast Carcinoma
TCGA-A7-A13G,TCGA-A7-A13G-01,Positive,Positive,Negative,Unknown,T2,Unknown,Invasive Breast Carcinoma
TCGA-A7-A26E,TCGA-A7-A26E-01,Positive,Positive,Negative,Unknown,T3,Unknown,Invasive Breast Carcinoma
TCGA-A7-A26F,TCGA-A7-A26F-01,Negative,Negative,Negative,Unknown,T1,Unknown,Invasive Breast Carcinoma
TCGA-A7-A26G,TCGA-A7-A26G-01,Negative,Negative,Negative,Unknown,T2,Unknown,Invasive Breast Carcinoma
TCGA-A7-A26H,TCGA-A7-A26H-01,Positive,Negative,Positive,Unknown,T1,Unknown,Invasive Breast Carcinoma
TCGA-A7-A26I,TCGA-A7-A26I-01,Negative,Negative,Negative,Unknown,T2,Unknown,Invasive Breast Carcinoma
TCGA-A7-A26J,TCGA-A7-A26J-01,Positive,Positive,Negative,Unknown,T2,Unknown,Invasive Breast Carcinoma
TCGA-A8-A06N,TCGA-A8-A06N-01,Positive,Negative,Negative,LumA/B,T4,Luminal B,Invasive Breast Carcinoma
TCGA-A8-A06O,TCGA-A8-A06O-01,Positive,Positive,Negative,Unknown,T1,Luminal B,Invasive Breast Carcinoma
TCGA-A8-A06P,TCGA-A8-A06P-01,Positive,Positive,Negative,ReacI,T1,Luminal A,Invasive Breast Carcinoma
TCGA-A8-A06Q,TCGA-A8-A06Q-01,Positive,Positive,Negative,Unknown,T3,Luminal B,Invasive Breast Carcinoma
TCGA-A8-A06R,TCGA-A8-A06R-01,Positive,Negative,Unknown,ReacI,T2,Luminal B,Invasive Breast Carcinoma
TCGA-A8-A06T,TCGA-A8-A06T-01,Positive,Positive,Negative,Unknown,T3,Luminal A,Invasive Breast Carcinoma
TCGA-A8-A06U,TCGA-A8-A06U-01,Positive,Positive,Unknown,LumA/B,T2,Luminal A,Invasive Breast Carcinoma
TCGA-A8-A06X,TCGA-A8-A06X-01,Positive,Negative,Positive,LumA/B,T3,Luminal B,Invasive Breast Carcinoma
TCGA-A8-A06Y,TCGA-A8-A06Y-01,Positive,Positive,Negative,LumA,T2,Luminal A,Invasive Breast Carcinoma
TCGA-A8-A06Z,TCGA-A8-A06Z-01,Positive,Positive,Negative,Her2,T3,Luminal B,Invasive Breast Carcinoma
TCGA-A8-A075,TCGA-A8-A075-01,Positive,Positive,Negative,X,T2,HER2-enriched,Invasive Breast Carcinoma
TCGA-A8-A076,TCGA-A8-A076-01,Positive,Positive,Positive,Her2,T2,HER2-enriched,Invasive Breast Carcinoma
TCGA-A8-A079,TCGA-A8-A079-01,Positive,Positive,Negative,LumA/B,T4,Luminal B,Invasive Breast Carcinoma
TCGA-A8-A07B,TCGA-A8-A07B-01,Positive,Positive,Positive,Unknown,T2,HER2-enriched,Invasive Breast Carcinoma
TCGA-A8-A07C,TCGA-A8-A07C-01,Negative,Negative,Negative,Unknown,T2,Basal-like,Invasive Breast Carcinoma
TCGA-A8-A07E,TCGA-A8-A07E-01,Positive,Positive,Negative,ReacII,T4,Luminal A,Invasive Breast Carcinoma
TCGA-A8-A07F,TCGA-A8-A07F-01,Positive,Positive,Negative,ReacI,T2,Luminal A,Invasive Breast Carcinoma
TCGA-A8-A07G,TCGA-A8-A07G-01,Positive,Positive,Negative,Unknown,T1,Luminal A,Invasive Breast Carcinoma
TCGA-A8-A07I,TCGA-A8-A07I-01,Positive,Negative,Positive,Her2,T2,HER2-enriched,Invasive Breast Carcinoma
TCGA-A8-A07J,TCGA-A8-A07J-01,Positive,Positive,Negative,Unknown,T2,Luminal A,Invasive Breast Carcinoma
TCGA-A8-A07L,TCGA-A8-A07L-01,Positive,Positive,Negative,Unknown,T3,Luminal B,Invasive Breast Carcinoma
TCGA-A8-A07O,TCGA-A8-A07O-01,Negative,Negative,Negative,Basal,T2,Basal-like,Invasive Breast Carcinoma
TCGA-A8-A07P,TCGA-A8-A07P-01,Positive,Positive,Positive,LumA/B,T2,Luminal A,Invasive Breast Carcinoma
TCGA-A8-A07R,TCGA-A8-A07R-01,Negative,Negative,Unknown,Basal,T2,Basal-like,Invasive Breast Carcinoma
TCGA-A8-A07S,TCGA-A8-A07S-01,Positive,Negative,Negative,LumA,T2,Luminal B,Invasive Breast Carcinoma
TCGA-A8-A07U,TCGA-A8-A07U-01,Negative,Positive,Negative,Unknown,T2,Basal-like,Invasive Breast Carcinoma
TCGA-A8-A07W,TCGA-A8-A07W-01,Positive,Positive,Negative,LumA/B,T2,Luminal B,Invasive Breast Carcinoma
TCGA-A8-A07Z,TCGA-A8-A07Z-01,Positive,Positive,Negative,LumA,T2,Luminal B,Invasive Breast Carcinoma
TCGA-A8-A081,TCGA-A8-A081-01,Positive,Positive,Negative,Her2,T2,HER2-enriched,Invasive Breast Carcinoma
TCGA-A8-A082,TCGA-A8-A082-01,Positive,Positive,Negative,LumA,T2,Luminal B,Invasive Breast Carcinoma
TCGA-A8-A083,TCGA-A8-A083-01,Positive,Positive,Negative,LumA,T3,Luminal A,Invasive Breast Carcinoma
TCGA-A8-A084,TCGA-A8-A084-01,Positive,Negative,Negative,X,T2,Luminal B,Invasive Breast Carcinoma
TCGA-A8-A085,TCGA-A8-A085-01,Positive,Positive,Negative,LumA/B,T2,Luminal B,Invasive Breast Carcinoma
TCGA-A8-A086,TCGA-A8-A086-01,Positive,Positive,Negative,LumA,T1,Luminal A,Invasive Breast Carcinoma
TCGA-A8-A08A,TCGA-A8-A08A-01,Positive,Positive,Negative,LumA,T1,Luminal A,Invasive Breast Carcinoma
TCGA-A8-A08B,TCGA-A8-A08B-01,Positive,Negative,Positive,Unknown,T2,HER2-enriched,Invasive Breast Carcinoma
TCGA-A8-A08C,TCGA-A8-A08C-01,Positive,Positive,Negative,Unknown,T2,Luminal A,Invasive Breast Carcinoma
TCGA-A8-A08F,TCGA-A8-A08F-01,Positive,Positive,Negative,Unknown,T2,Luminal B,Invasive Breast Carcinoma
TCGA-A8-A08G,TCGA-A8-A08G-01,Positive,Positive,Positive,LumA/B,T2,Luminal B,Invasive Breast Carcinoma
TCGA-A8-A08H,TCGA-A8-A08H-01,Positive,Positive,Positive,ReacI,T2,Basal-like,Invasive Breast Carcinoma
TCGA-A8-A08I,TCGA-A8-A08I-01,Positive,Positive,Negative,Unknown,T2,Luminal B,Invasive Breast Carcinoma
TCGA-A8-A08J,TCGA-A8-A08J-01,Positive,Negative,Negative,Her2,T4,HER2-enriched,Invasive Breast Carcinoma
TCGA-A8-A08L,TCGA-A8-A08L-01,Positive,Negative,Negative,X,T3,HER2-enriched,Invasive Breast Carcinoma
TCGA-A8-A08O,TCGA-A8-A08O-01,Positive,Positive,Negative,ReacI,T2,Luminal A,Invasive Breast Carcinoma
TCGA-A8-A08P,TCGA-A8-A08P-01,Positive,Positive,Positive,ReacII,T2,Luminal B,Invasive Breast Carcinoma
TCGA-A8-A08R,TCGA-A8-A08R-01,Negative,Negative,Negative,Unknown,T2,Basal-like,Invasive Breast Carcinoma
TCGA-A8-A08S,TCGA-A8-A08S-01,Positive,Positive,Positive,Unknown,T1,Unknown,Invasive Breast Carcinoma
TCGA-A8-A08T,TCGA-A8-A08T-01,Positive,Positive,Negative,LumA,T2,Luminal A,Invasive Breast Carcinoma
TCGA-A8-A08X,TCGA-A8-A08X-01,Negative,Negative,Positive,Her2,T4,HER2-enriched,Invasive Breast Carcinoma
TCGA-A8-A08Z,TCGA-A8-A08Z-01,Positive,Positive,Negative,LumA,T4,Luminal A,Invasive Breast Carcinoma
TCGA-A8-A090,TCGA-A8-A090-01,Positive,Positive,Negative,Unknown,T2,Luminal A,Invasive Breast Carcinoma
TCGA-A8-A091,TCGA-A8-A091-01,Positive,Negative,Negative,LumA/B,T2,Luminal A,Invasive Breast Carcinoma
TCGA-A8-A092,TCGA-A8-A092-01,Positive,Positive,Negative,Unknown,T2,HER2-enriched,Invasive Breast Carcinoma
TCGA-A8-A093,TCGA-A8-A093-01,Positive,Positive,Negative,Unknown,T2,Luminal A,Invasive Breast Carcinoma
TCGA-A8-A094,TCGA-A8-A094-01,Positive,Negative,Negative,Basal,T2,HER2-enriched,Invasive Breast Carcinoma
TCGA-A8-A095,TCGA-A8-A095-01,Positive,Positive,Negative,ReacII,T1,Luminal B,Invasive Breast Carcinoma
TCGA-A8-A096,TCGA-A8-A096-01,Positive,Positive,Negative,Unknown,T2,Luminal B,Invasive Breast Carcinoma
TCGA-A8-A097,TCGA-A8-A097-01,Positive,Positive,Positive,Unknown,T2,Luminal B,Invasive Breast Carcinoma
TCGA-A8-A099,TCGA-A8-A099-01,Positive,Positive,Positive,LumA/B,T4,Luminal A,Invasive Breast Carcinoma
TCGA-A8-A09A,TCGA-A8-A09A-01,Positive,Positive,Negative,LumA,T2,Luminal A,Invasive Breast Carcinoma
TCGA-A8-A09B,TCGA-A8-A09B-01,Positive,Positive,Negative,LumA,T4,Luminal A,Invasive Breast Carcinoma
TCGA-A8-A09C,TCGA-A8-A09C-01,Positive,Positive,Negative,LumA,T2,Luminal B,Invasive Breast Carcinoma
TCGA-A8-A09D,TCGA-A8-A09D-01,Positive,Positive,Negative,Unknown,T2,Luminal B,Invasive Breast Carcinoma
TCGA-A8-A09E,TCGA-A8-A09E-01,Positive,Positive,Unknown,Unknown,T4,Unknown,Invasive Breast Carcinoma
TCGA-A8-A09G,TCGA-A8-A09G-01,Positive,Negative,Positive,Her2,T3,HER2-enriched,Invasive Breast Carcinoma
TCGA-A8-A09I,TCGA-A8-A09I-01,Positive,Positive,Positive,Her2,T2,Luminal B,Invasive Breast Carcinoma
TCGA-A8-A09K,TCGA-A8-A09K-01,Positive,Positive,Negative,Unknown,T1,Unknown,Invasive Breast Carcinoma
TCGA-A8-A09M,TCGA-A8-A09M-01,Positive,Positive,Negative,LumA/B,T2,Luminal B,Invasive Breast Carcinoma
TCGA-A8-A09N,TCGA-A8-A09N-01,Positive,Positive,Positive,Unknown,T2,Luminal B,Invasive Breast Carcinoma
TCGA-A8-A09Q,TCGA-A8-A09Q-01,Positive,Positive,Negative,Unknown,T4,Luminal B,Invasive Breast Carcinoma
TCGA-A8-A09R,TCGA-A8-A09R-01,Positive,Positive,Negative,Her2,T2,Luminal B,Invasive Breast Carcinoma
TCGA-A8-A09T,TCGA-A8-A09T-01,Positive,Positive,Negative,Unknown,T1,Luminal A,Invasive Breast Carcinoma
TCGA-A8-A09V,TCGA-A8-A09V-01,Positive,Positive,Negative,Unknown,T2,Luminal A,Invasive Breast Carcinoma
TCGA-A8-A09W,TCGA-A8-A09W-01,Positive,Positive,Negative,Her2,T2,Luminal B,Invasive Breast Carcinoma
TCGA-A8-A09X,TCGA-A8-A09X-01,Negative,Negative,Negative,Her2,T2,HER2-enriched,Invasive Breast Carcinoma
TCGA-A8-A09Z,TCGA-A8-A09Z-01,Positive,Negative,Negative,Basal,T3,Luminal B,Invasive Breast Carcinoma
TCGA-A8-A0A1,TCGA-A8-A0A1-01,Positive,Positive,Negative,Unknown,T2,Luminal A,Invasive Breast Carcinoma
TCGA-A8-A0A2,TCGA-A8-A0A2-01,Positive,Positive,Negative,Unknown,T2,Luminal A,Invasive Breast Carcinoma
TCGA-A8-A0A4,TCGA-A8-A0A4-01,Positive,Positive,Negative,ReacII,T2,Luminal A,Invasive Breast Carcinoma
TCGA-A8-A0A6,TCGA-A8-A0A6-01,Positive,Positive,Negative,Unknown,T2,Luminal A,Invasive Breast Carcinoma
TCGA-A8-A0A7,TCGA-A8-A0A7-01,Negative,Negative,Positive,Her2,T2,HER2-enriched,Invasive Breast Carcinoma
TCGA-A8-A0A9,TCGA-A8-A0A9-01,Positive,Positive,Negative,Unknown,T2,Luminal B,Invasive Breast Carcinoma
TCGA-A8-A0AB,TCGA-A8-A0AB-01,Positive,Positive,Negative,Unknown,T2,Luminal B,Invasive Breast Carcinoma
TCGA-A8-A0AD,TCGA-A8-A0AD-01,Positive,Positive,Negative,Unknown,T1,Luminal A,Invasive Breast Carcinoma
TCGA-AC-A23C,TCGA-AC-A23C-01,Positive,Positive,Positive,Unknown,T2,Unknown,Invasive Breast Carcinoma
TCGA-AC-A23E,TCGA-AC-A23E-01,Positive,Positive,Negative,Unknown,T2,Unknown,Invasive Breast Carcinoma
TCGA-AC-A23H,TCGA-AC-A23H-01,Positive,Negative,Positive,Unknown,T2,Unknown,Invasive Breast Carcinoma
TCGA-AC-A2B8,TCGA-AC-A2B8-01,Unknown,Unknown,Unknown,Unknown,Unknown,Unknown,Invasive Breast Carcinoma
TCGA-AC-A2FB,TCGA-AC-A2FB-01,Unknown,Unknown,Unknown,Unknown,Unknown,Unknown,Invasive Breast Carcinoma
TCGA-AC-A2FF,TCGA-AC-A2FF-01,Unknown,Unknown,Unknown,Unknown,Unknown,Unknown,Invasive Breast Carcinoma
TCGA-AC-A2FG,TCGA-AC-A2FG-01,Unknown,Unknown,Unknown,Unknown,Unknown,Unknown,Invasive Breast Carcinoma
TCGA-AN-A03X,TCGA-AN-A03X-01,Positive,Positive,Negative,Unknown,T2,Luminal A,Invasive Breast Carcinoma
TCGA-AN-A03Y,TCGA-AN-A03Y-01,Positive,Positive,Negative,Unknown,T2,Luminal B,Invasive Breast Carcinoma
TCGA-AN-A041,TCGA-AN-A041-01,Positive,Negative,Unknown,LumA,T2,Luminal B,Invasive Breast Carcinoma
TCGA-AN-A046,TCGA-AN-A046-01,Positive,Positive,Negative,Unknown,T2,Luminal A,Invasive Breast Carcinoma
TCGA-AN-A049,TCGA-AN-A049-01,Positive,Positive,Negative,ReacI,T2,Luminal B,Invasive Breast Carcinoma
TCGA-AN-A04A,TCGA-AN-A04A-01,Positive,Positive,Negative,LumA/B,T2,Luminal A,Invasive Breast Carcinoma
TCGA-AN-A04C,TCGA-AN-A04C-01,Negative,Negative,Positive,Unknown,T2,HER2-enriched,Invasive Breast Carcinoma
TCGA-AN-A04D,TCGA-AN-A04D-01,Negative,Negative,Negative,Basal,T2,Basal-like,Invasive Breast Carcinoma
TCGA-AN-A0AJ,TCGA-AN-A0AJ-01,Positive,Positive,Positive,LumA,T3,Luminal B,Invasive Breast Carcinoma
TCGA-AN-A0AK,TCGA-AN-A0AK-01,Positive,Negative,Negative,Basal,T2,Luminal B,Invasive Breast Carcinoma
TCGA-AN-A0AL,TCGA-AN-A0AL-01,Negative,Negative,Negative,Basal,T4,Basal-like,Invasive Breast Carcinoma
TCGA-AN-A0AM,TCGA-AN-A0AM-01,Positive,Negative,Negative,LumA/B,T2,Luminal B,Invasive Breast Carcinoma
TCGA-AN-A0AR,TCGA-AN-A0AR-01,Negative,Negative,Negative,Basal,T2,Basal-like,Invasive Breast Carcinoma
TCGA-AN-A0AS,TCGA-AN-A0AS-01,Positive,Negative,Negative,Basal,T2,Luminal B,Invasive Breast Carcinoma
TCGA-AN-A0AT,TCGA-AN-A0AT-01,Negative,Negative,Negative,Basal,T2,Basal-like,Invasive Breast Carcinoma
TCGA-AN-A0FD,TCGA-AN-A0FD-01,Positive,Positive,Positive,LumA/B,T2,Luminal A,Invasive Breast Carcinoma
TCGA-AN-A0FF,TCGA-AN-A0FF-01,Positive,Positive,Negative,LumA,T1,Luminal B,Invasive Breast Carcinoma
TCGA-AN-A0FJ,TCGA-AN-A0FJ-01,Positive,Negative,Negative,Basal,T2,Basal-like,Invasive Breast Carcinoma
TCGA-AN-A0FK,TCGA-AN-A0FK-01,Positive,Positive,Negative,LumA,T4,Luminal B,Invasive Breast Carcinoma
TCGA-AN-A0FL,TCGA-AN-A0FL-01,Negative,Negative,Negative,Basal,T2,Basal-like,Invasive Breast Carcinoma
TCGA-AN-A0FN,TCGA-AN-A0FN-01,Positive,Positive,Negative,Unknown,T1,Luminal A,Invasive Breast Carcinoma
TCGA-AN-A0FS,TCGA-AN-A0FS-01,Positive,Negative,Negative,ReacII,T1,Luminal A,Invasive Breast Carcinoma
TCGA-AN-A0FT,TCGA-AN-A0FT-01,Positive,Positive,Positive,Her2,T2,Luminal A,Invasive Breast Carcinoma
TCGA-AN-A0FV,TCGA-AN-A0FV-01,Negative,Negative,Positive,Her2,T2,HER2-enriched,Invasive Breast Carcinoma
TCGA-AN-A0FW,TCGA-AN-A0FW-01,Positive,Unknown,Negative,LumA/B,T2,Luminal A,Invasive Breast Carcinoma
TCGA-AN-A0FX,TCGA-AN-A0FX-01,Negative,Negative,Negative,ReacII,T2,Basal-like,Invasive Breast Carcinoma
TCGA-AN-A0FY,TCGA-AN-A0FY-01,Positive,Positive,Negative,LumA,T1,Luminal B,Invasive Breast Carcinoma
TCGA-AN-A0FZ,TCGA-AN-A0FZ-01,Positive,Negative,Unknown,LumA/B,T2,Luminal A,Invasive Breast Carcinoma
TCGA-AN-A0G0,TCGA-AN-A0G0-01,Negative,Negative,Negative,Basal,T2,Basal-like,Invasive Breast Carcinoma
TCGA-AN-A0XL,TCGA-AN-A0XL-01,Positive,Positive,Negative,Unknown,T2,Luminal A,Invasive Breast Carcinoma
TCGA-AN-A0XN,TCGA-AN-A0XN-01,Negative,Positive,Negative,ReacI,T2,Luminal A,Invasive Breast Carcinoma
TCGA-AN-A0XO,TCGA-AN-A0XO-01,Positive,Negative,Negative,LumA/B,T2,Luminal A,Invasive Breast Carcinoma
TCGA-AN-A0XP,TCGA-AN-A0XP-01,Positive,Positive,Negative,LumA,T2,Luminal A,Invasive Breast Carcinoma
TCGA-AN-A0XR,TCGA-AN-A0XR-01,Positive,Negative,Negative,Unknown,T2,Luminal B,Invasive Breast Carcinoma
TCGA-AN-A0XS,TCGA-AN-A0XS-01,Negative,Positive,Negative,LumA,T2,Luminal A,Invasive Breast Carcinoma
TCGA-AN-A0XT,TCGA-AN-A0XT-01,Positive,Negative,Negative,LumA/B,T2,Luminal A,Invasive Breast Carcinoma
TCGA-AN-A0XU,TCGA-AN-A0XU-01,Negative,Negative,Negative,Basal,T2,Basal-like,Invasive Breast Carcinoma
TCGA-AN-A0XV,TCGA-AN-A0XV-01,Positive,Positive,Negative,Unknown,T2,Luminal A,Invasive Breast Carcinoma
TCGA-AN-A0XW,TCGA-AN-A0XW-01,Positive,Positive,Negative,Her2,T2,Luminal B,Invasive Breast Carcinoma
TCGA-AO-A03L,TCGA-AO-A03L-01,Positive,Positive,Negative,Basal,T3,HER2-enriched,Invasive Breast Carcinoma
TCGA-AO-A03M,TCGA-AO-A03M-01,Positive,Positive,Negative,ReacII,T1,Luminal A,Invasive Breast Carcinoma
TCGA-AO-A03N,TCGA-AO-A03N-01,Positive,Positive,Negative,Her2,T2,HER2-enriched,Invasive Breast Carcinoma
TCGA-AO-A03O,TCGA-AO-A03O-01,Positive,Positive,Negative,LumA/B,T2,Luminal B,Invasive Breast Carcinoma
TCGA-AO-A03P,TCGA-AO-A03P-01,Positive,Positive,Negative,LumA/B,T2,Luminal B,Invasive Breast Carcinoma
TCGA-AO-A03R,TCGA-AO-A03R-01,Positive,Positive,Negative,Unknown,T2,Normal-like,Invasive Breast Carcinoma
TCGA-AO-A03T,TCGA-AO-A03T-01,Positive,Positive,Negative,Unknown,T2,Normal-like,Invasive Breast Carcinoma
TCGA-AO-A03U,TCGA-AO-A03U-01,Negative,Negative,Negative,Basal,T1,Normal-like,Invasive Breast Carcinoma
TCGA-AO-A03V,TCGA-AO-A03V-01,Positive,Positive,Negative,Unknown,T1,Luminal A,Invasive Breast Carcinoma
TCGA-AO-A0J2,TCGA-AO-A0J2-01,Negative,Negative,Negative,Basal,T1,HER2-enriched,Invasive Breast Carcinoma
TCGA-AO-A0J3,TCGA-AO-A0J3-01,Positive,Positive,Negative,LumA/B,T2,Luminal B,Invasive Breast Carcinoma
TCGA-AO-A0J4,TCGA-AO-A0J4-01,Negative,Negative,Negative,Unknown,T1,Basal-like,Invasive Breast Carcinoma
TCGA-AO-A0J5,TCGA-AO-A0J5-01,Positive,Negative,Negative,Unknown,T4,Unknown,Invasive Breast Carcinoma
TCGA-AO-A0J6,TCGA-AO-A0J6-01,Negative,Negative,Negative,Basal,T2,Basal-like,Invasive Breast Carcinoma
TCGA-AO-A0J7,TCGA-AO-A0J7-01,Positive,Positive,Negative,LumA/B,T2,Luminal B,Invasive Breast Carcinoma
TCGA-AO-A0J8,TCGA-AO-A0J8-01,Positive,Positive,Negative,ReacI,T2,Luminal A,Invasive Breast Carcinoma
TCGA-AO-A0J9,TCGA-AO-A0J9-01,Positive,Positive,Negative,ReacI,T2,Luminal A,Invasive Breast Carcinoma
TCGA-AO-A0JA,TCGA-AO-A0JA-01,Positive,Positive,Negative,Unknown,T2,Luminal A,Invasive Breast Carcinoma
TCGA-AO-A0JB,TCGA-AO-A0JB-01,Positive,Positive,Negative,Basal,T3,Normal-like,Invasive Breast Carcinoma
TCGA-AO-A0JC,TCGA-AO-A0JC-01,Positive,Positive,Negative,LumA,T2,Luminal B,Invasive Breast Carcinoma
TCGA-AO-A0JD,TCGA-AO-A0JD-01,Positive,Positive,Negative,Basal,T3,Luminal B,Invasive Breast Carcinoma
TCGA-AO-A0JE,TCGA-AO-A0JE-01,Negative,Negative,Positive,Her2,T2,HER2-enriched,Invasive Breast Carcinoma
TCGA-AO-A0JF,TCGA-AO-A0JF-01,Positive,Positive,Negative,ReacI,T1,Luminal A,Invasive Breast Carcinoma
TCGA-AO-A0JG,TCGA-AO-A0JG-01,Positive,Positive,Negative,LumA/B,T2,Luminal A,Invasive Breast Carcinoma
TCGA-AO-A0JI,TCGA-AO-A0JI-01,Positive,Negative,Negative,LumA/B,T1,Luminal B,Invasive Breast Carcinoma
TCGA-AO-A0JJ,TCGA-AO-A0JJ-01,Positive,Positive,Negative,LumA/B,T2,Luminal A,Invasive Breast Carcinoma
TCGA-AO-A0JL,TCGA-AO-A0JL-01,Negative,Negative,Negative,Basal,T2,Basal-like,Invasive Breast Carcinoma
TCGA-AO-A0JM,TCGA-AO-A0JM-01,Positive,Positive,Positive,ReacII,T2,Luminal B,Invasive Breast Carcinoma
TCGA-AO-A124,TCGA-AO-A124-01,Negative,Negative,Negative,Basal,T2,Basal-like,Invasive Breast Carcinoma
TCGA-AO-A125,TCGA-AO-A125-01,Positive,Positive,Negative,Unknown,T2,Luminal A,Invasive Breast Carcinoma
TCGA-AO-A126,TCGA-AO-A126-01,Positive,Positive,Negative,Her2,T2,Luminal A,Invasive Breast Carcinoma
TCGA-AO-A128,TCGA-AO-A128-01,Negative,Negative,Negative,Basal,T2,Basal-like,Invasive Breast Carcinoma
TCGA-AO-A129,TCGA-AO-A129-01,Negative,Negative,Negative,Basal,T2,Basal-like,Invasive Breast Carcinoma
TCGA-AO-A12A,TCGA-AO-A12A-01,Positive,Positive,Negative,LumA,T2,Luminal A,Invasive Breast Carcinoma
TCGA-AO-A12B,TCGA-AO-A12B-01,Positive,Positive,Negative,LumA/B,T2,Luminal B,Invasive Breast Carcinoma
TCGA-AO-A12C,TCGA-AO-A12C-01,Positive,Positive,Positive,ReacI,T2,Luminal A,Invasive Breast Carcinoma
TCGA-AO-A12D,TCGA-AO-A12D-01,Negative,Negative,Positive,Her2,T1,HER2-enriched,Invasive Breast Carcinoma
TCGA-AO-A12E,TCGA-AO-A12E-01,Positive,Positive,Negative,LumA/B,T3,Luminal A,Invasive Breast Carcinoma
TCGA-AO-A12F,TCGA-AO-A12F-01,Negative,Negative,Negative,Basal,T2,Basal-like,Invasive Breast Carcinoma
TCGA-AO-A12G,TCGA-AO-A12G-01,Positive,Positive,Negative,LumA/B,T2,Luminal A,Invasive Breast Carcinoma
TCGA-AO-A12H,TCGA-AO-A12H-01,Positive,Positive,Negative,LumA/B,T2,Luminal A,Invasive Breast Carcinoma
TCGA-AO-A1KO,TCGA-AO-A1KO-01,Positive,Positive,Negative,Unknown,T3,Unknown,Invasive Breast Carcinoma
TCGA-AO-A1KP,TCGA-AO-A1KP-01,Positive,Positive,Negative,Unknown,T1,Unknown,Invasive Breast Carcinoma
TCGA-AO-A1KQ,TCGA-AO-A1KQ-01,Positive,Positive,Negative,Unknown,T4,Unknown,Invasive Breast Carcinoma
TCGA-AO-A1KR,TCGA-AO-A1KR-01,Negative,Negative,Unknown,Unknown,Unknown,Unknown,Invasive Breast Carcinoma
TCGA-AO-A1KS,TCGA-AO-A1KS-01,Positive,Positive,Negative,Unknown,T2,Unknown,Invasive Breast Carcinoma
TCGA-AO-A1KT,TCGA-AO-A1KT-01,Positive,Positive,Negative,Unknown,T1,Unknown,Invasive Breast Carcinoma
TCGA-AQ-A04H,TCGA-AQ-A04H-01,Positive,Positive,Positive,Unknown,T2,Luminal B,Invasive Breast Carcinoma
TCGA-AQ-A04J,TCGA-AQ-A04J-01,Negative,Negative,Negative,Unknown,T2,Basal-like,Invasive Breast Carcinoma
TCGA-AQ-A04L,TCGA-AQ-A04L-01,Positive,Negative,Positive,ReacI,T2,Luminal A,Invasive Breast Carcinoma
TCGA-AQ-A0Y5,TCGA-AQ-A0Y5-01,Positive,Positive,Positive,Unknown,T2,Unknown,Invasive Breast Carcinoma
TCGA-AQ-A1H2,TCGA-AQ-A1H2-01,Positive,Positive,Positive,Unknown,T2,Unknown,Invasive Breast Carcinoma
TCGA-AQ-A1H3,TCGA-AQ-A1H3-01,Positive,Positive,Negative,Unknown,T2,Unknown,Invasive Breast Carcinoma
TCGA-AR-A0TP,TCGA-AR-A0TP-01,Positive,Negative,Negative,Basal,T2,Basal-like,Invasive Breast Carcinoma
TCGA-AR-A0TQ,TCGA-AR-A0TQ-01,Positive,Negative,Positive,Her2,T3,Luminal B,Invasive Breast Carcinoma
TCGA-AR-A0TR,TCGA-AR-A0TR-01,Positive,Positive,Negative,LumA/B,T2,Luminal A,Invasive Breast Carcinoma
TCGA-AR-A0TS,TCGA-AR-A0TS-01,Negative,Negative,Negative,Basal,T2,Basal-like,Invasive Breast Carcinoma
TCGA-AR-A0TT,TCGA-AR-A0TT-01,Positive,Negative,Negative,LumA/B,T2,Luminal B,Invasive Breast Carcinoma
TCGA-AR-A0TU,TCGA-AR-A0TU-01,Negative,Negative,Negative,Basal,T2,Basal-like,Invasive Breast Carcinoma
TCGA-AR-A0TV,TCGA-AR-A0TV-01,Positive,Positive,Negative,LumA/B,T2,Luminal B,Invasive Breast Carcinoma
TCGA-AR-A0TW,TCGA-AR-A0TW-01,Positive,Positive,Negative,Basal,T3,Luminal A,Invasive Breast Carcinoma
TCGA-AR-A0TX,TCGA-AR-A0TX-01,Positive,Positive,Positive,ReacII,T1,HER2-enriched,Invasive Breast Carcinoma
TCGA-AR-A0TY,TCGA-AR-A0TY-01,Positive,Negative,Negative,LumA/B,T2,Luminal B,Invasive Breast Carcinoma
TCGA-AR-A0TZ,TCGA-AR-A0TZ-01,Positive,Positive,Negative,ReacII,T2,Luminal B,Invasive Breast Carcinoma
TCGA-AR-A0U0,TCGA-AR-A0U0-01,Negative,Negative,Negative,Basal,T2,Basal-like,Invasive Breast Carcinoma
TCGA-AR-A0U1,TCGA-AR-A0U1-01,Negative,Negative,Negative,Basal,T2,Basal-like,Invasive Breast Carcinoma
TCGA-AR-A0U2,TCGA-AR-A0U2-01,Positive,Positive,Negative,ReacII,T2,Luminal B,Invasive Breast Carcinoma
TCGA-AR-A0U3,TCGA-AR-A0U3-01,Positive,Positive,Negative,LumA/B,T2,Luminal B,Invasive Breast Carcinoma
TCGA-AR-A0U4,TCGA-AR-A0U4-01,Negative,Negative,Negative,ReacII,T2,Basal-like,Invasive Breast Carcinoma
TCGA-AR-A1AH,TCGA-AR-A1AH-01,Positive,Negative,Negative,Basal,T2,Basal-like,Invasive Breast Carcinoma
TCGA-AR-A1AI,TCGA-AR-A1AI-01,Negative,Negative,Negative,Basal,T2,Basal-like,Invasive Breast Carcinoma
TCGA-AR-A1AJ,TCGA-AR-A1AJ-01,Positive,Negative,Negative,ReacI,T1,Basal-like,Invasive Breast Carcinoma
TCGA-AR-A1AK,TCGA-AR-A1AK-01,Positive,Positive,Negative,ReacI,T1,Luminal A,Invasive Breast Carcinoma
TCGA-AR-A1AL,TCGA-AR-A1AL-01,Positive,Positive,Negative,ReacI,T3,Luminal A,Invasive Breast Carcinoma
TCGA-AR-A1AN,TCGA-AR-A1AN-01,Positive,Positive,Negative,Unknown,T2,Luminal A,Invasive Breast Carcinoma
TCGA-AR-A1AO,TCGA-AR-A1AO-01,Positive,Negative,Negative,Basal,T1,Normal-like,Invasive Breast Carcinoma
TCGA-AR-A1AP,TCGA-AR-A1AP-01,Positive,Positive,Negative,LumA/B,T1,Luminal A,Invasive Breast Carcinoma
TCGA-AR-A1AQ,TCGA-AR-A1AQ-01,Negative,Negative,Negative,Basal,T2,Basal-like,Invasive Breast Carcinoma
TCGA-AR-A1AR,TCGA-AR-A1AR-01,Negative,Negative,Negative,Unknown,T1,Basal-like,Invasive Breast Carcinoma
TCGA-AR-A1AS,TCGA-AR-A1AS-01,Positive,Positive,Negative,LumA,T2,Luminal A,Invasive Breast Carcinoma
TCGA-AR-A1AT,TCGA-AR-A1AT-01,Positive,Positive,Positive,Her2,T2,HER2-enriched,Invasive Breast Carcinoma
TCGA-AR-A1AU,TCGA-AR-A1AU-01,Positive,Positive,Negative,ReacI,T2,Luminal A,Invasive Breast Carcinoma
TCGA-AR-A1AV,TCGA-AR-A1AV-01,Positive,Positive,Negative,LumA/B,T2,Luminal B,Invasive Breast Carcinoma
TCGA-AR-A1AW,TCGA-AR-A1AW-01,Positive,Positive,Negative,ReacII,T2,Luminal A,Invasive Breast Carcinoma
TCGA-AR-A1AX,TCGA-AR-A1AX-01,Positive,Positive,Positive,ReacII,T1,Luminal A,Invasive Breast Carcinoma
TCGA-AR-A1AY,TCGA-AR-A1AY-01,Negative,Negative,Negative,Basal,T1,Basal-like,Invasive Breast Carcinoma
TCGA-AR-A24H,TCGA-AR-A24H-01,Positive,Positive,Negative,Unknown,T2,Unknown,Invasive Breast Carcinoma
TCGA-AR-A24K,TCGA-AR-A24K-01,Positive,Positive,Negative,Unknown,T2,Unknown,Invasive Breast Carcinoma
TCGA-AR-A24L,TCGA-AR-A24L-01,Positive,Positive,Negative,Unknown,T2,Unknown,Invasive Breast Carcinoma
TCGA-AR-A24M,TCGA-AR-A24M-01,Positive,Positive,Negative,Unknown,T2,Unknown,Invasive Breast Carcinoma
TCGA-AR-A24N,TCGA-AR-A24N-01,Positive,Positive,Negative,Unknown,T1,Unknown,Invasive Breast Carcinoma
TCGA-AR-A24O,TCGA-AR-A24O-01,Positive,Positive,Negative,Unknown,T3,Unknown,Invasive Breast Carcinoma
TCGA-AR-A24P,TCGA-AR-A24P-01,Positive,Positive,Negative,Unknown,T1,Unknown,Invasive Breast Carcinoma
TCGA-AR-A24Q,TCGA-AR-A24Q-01,Positive,Negative,Negative,Unknown,T3,Unknown,Invasive Breast Carcinoma
TCGA-AR-A24R,TCGA-AR-A24R-01,Positive,Positive,Negative,Unknown,T1,Unknown,Invasive Breast Carcinoma
TCGA-AR-A24S,TCGA-AR-A24S-01,Positive,Positive,Negative,Unknown,T1,Unknown,Invasive Breast Carcinoma
TCGA-AR-A24T,TCGA-AR-A24T-01,Positive,Positive,Negative,Unknown,T3,Unknown,Invasive Breast Carcinoma
TCGA-AR-A24U,TCGA-AR-A24U-01,Negative,Negative,Positive,Unknown,T1,Unknown,Invasive Breast Carcinoma
TCGA-AR-A24V,TCGA-AR-A24V-01,Positive,Positive,Negative,Unknown,T2,Unknown,Invasive Breast Carcinoma
TCGA-AR-A24W,TCGA-AR-A24W-01,Unknown,Unknown,Unknown,Unknown,Unknown,Unknown,Invasive Breast Carcinoma
TCGA-AR-A24X,TCGA-AR-A24X-01,Positive,Positive,Negative,Unknown,T2,Unknown,Invasive Breast Carcinoma
TCGA-AR-A24Z,TCGA-AR-A24Z-01,Positive,Positive,Negative,Unknown,T2,Unknown,Invasive Breast Carcinoma
TCGA-AR-A250,TCGA-AR-A250-01,Positive,Negative,Positive,Unknown,T2,Unknown,Invasive Breast Carcinoma
TCGA-AR-A251,TCGA-AR-A251-01,Positive,Negative,Negative,Unknown,T2,Unknown,Invasive Breast Carcinoma
TCGA-AR-A252,TCGA-AR-A252-01,Positive,Positive,Negative,Unknown,T1,Unknown,Invasive Breast Carcinoma
TCGA-AR-A254,TCGA-AR-A254-01,Positive,Positive,Positive,Unknown,T2,Unknown,Invasive Breast Carcinoma
TCGA-AR-A255,TCGA-AR-A255-01,Positive,Positive,Positive,Unknown,T1,Unknown,Invasive Breast Carcinoma
TCGA-AR-A256,TCGA-AR-A256-01,Negative,Negative,Negative,Unknown,T2,Unknown,Invasive Breast Carcinoma
TCGA-B6-A0I2,TCGA-B6-A0I2-01,Unknown,Unknown,Negative,ReacII,T1,Basal-like,Invasive Breast Carcinoma
TCGA-B6-A0I5,TCGA-B6-A0I5-01,Positive,Positive,Negative,Unknown,T2,Luminal A,Invasive Breast Carcinoma
TCGA-B6-A0I6,TCGA-B6-A0I6-01,Negative,Negative,Unknown,Basal,T1,Basal-like,Invasive Breast Carcinoma
TCGA-B6-A0I8,TCGA-B6-A0I8-01,Unknown,Unknown,Unknown,Her2,T1,Luminal A,Invasive Breast Carcinoma
TCGA-B6-A0I9,TCGA-B6-A0I9-01,Unknown,Positive,Positive,Her2,T3,HER2-enriched,Invasive Breast Carcinoma
TCGA-B6-A0IA,TCGA-B6-A0IA-01,Positive,Positive,Negative,Unknown,T2,Luminal A,Invasive Breast Carcinoma
TCGA-B6-A0IB,TCGA-B6-A0IB-01,Positive,Positive,Negative,LumA/B,T3,Luminal B,Invasive Breast Carcinoma
TCGA-B6-A0IC,TCGA-B6-A0IC-01,Positive,Positive,Negative,Unknown,T2,Luminal B,Invasive Breast Carcinoma
TCGA-B6-A0IE,TCGA-B6-A0IE-01,Negative,Negative,Negative,Unknown,TX,Normal-like,Invasive Breast Carcinoma
TCGA-B6-A0IG,TCGA-B6-A0IG-01,Positive,Positive,Unknown,Her2,T2,Luminal A,Invasive Breast Carcinoma
TCGA-B6-A0IH,TCGA-B6-A0IH-01,Positive,Positive,Negative,Unknown,T3,Luminal A,Invasive Breast Carcinoma
TCGA-B6-A0IJ,TCGA-B6-A0IJ-01,Positive,Positive,Negative,Basal,T3,Basal-like,Invasive Breast Carcinoma
TCGA-B6-A0IK,TCGA-B6-A0IK-01,Negative,Negative,Negative,ReacII,T4,HER2-enriched,Invasive Breast Carcinoma
TCGA-B6-A0IM,TCGA-B6-A0IM-01,Positive,Positive,Negative,Unknown,T3,Luminal B,Invasive Breast Carcinoma
TCGA-B6-A0IN,TCGA-B6-A0IN-01,Positive,Negative,Unknown,Unknown,T1,Luminal A,Invasive Breast Carcinoma
TCGA-B6-A0IO,TCGA-B6-A0IO-01,Positive,Unknown,Negative,X,T2,Luminal A,Invasive Breast Carcinoma
TCGA-B6-A0IP,TCGA-B6-A0IP-01,Positive,Positive,Negative,Unknown,T1,Luminal A,Invasive Breast Carcinoma
TCGA-B6-A0IQ,TCGA-B6-A0IQ-01,Negative,Negative,Negative,Basal,T3,Basal-like,Invasive Breast Carcinoma
TCGA-B6-A0RE,TCGA-B6-A0RE-01,Negative,Negative,Negative,Unknown,TX,Basal-like,Invasive Breast Carcinoma
TCGA-B6-A0RG,TCGA-B6-A0RG-01,Negative,Negative,Negative,ReacII,T3,Luminal A,Invasive Breast Carcinoma
TCGA-B6-A0RH,TCGA-B6-A0RH-01,Positive,Positive,Positive,ReacII,T2,HER2-enriched,Invasive Breast Carcinoma
TCGA-B6-A0RI,TCGA-B6-A0RI-01,Positive,Positive,Negative,Unknown,T4,Luminal A,Invasive Breast Carcinoma
TCGA-B6-A0RL,TCGA-B6-A0RL-01,Positive,Positive,Negative,LumA/B,T2,Luminal B,Invasive Breast Carcinoma
TCGA-B6-A0RM,TCGA-B6-A0RM-01,Positive,Positive,Negative,LumA,TX,Luminal A,Invasive Breast Carcinoma
TCGA-B6-A0RN,TCGA-B6-A0RN-01,Negative,Negative,Negative,ReacI,T1,Luminal A,Invasive Breast Carcinoma
TCGA-B6-A0RO,TCGA-B6-A0RO-01,Positive,Positive,Negative,ReacI,T4,Luminal A,Invasive Breast Carcinoma
TCGA-B6-A0RP,TCGA-B6-A0RP-01,Positive,Positive,Negative,LumA,T2,Luminal A,Invasive Breast Carcinoma
TCGA-B6-A0RQ,TCGA-B6-A0RQ-01,Positive,Positive,Negative,ReacI,T3,Luminal A,Invasive Breast Carcinoma
TCGA-B6-A0RS,TCGA-B6-A0RS-01,Negative,Negative,Negative,Unknown,T2,HER2-enriched,Invasive Breast Carcinoma
TCGA-B6-A0RT,TCGA-B6-A0RT-01,Negative,Negative,Negative,ReacII,T3,Basal-like,Invasive Breast Carcinoma
TCGA-B6-A0RU,TCGA-B6-A0RU-01,Negative,Negative,Negative,Basal,T1,Basal-like,Invasive Breast Carcinoma
TCGA-B6-A0RV,TCGA-B6-A0RV-01,Positive,Positive,Negative,ReacII,T3,Luminal A,Invasive Breast Carcinoma
TCGA-B6-A0WS,TCGA-B6-A0WS-01,Positive,Positive,Negative,Unknown,T1,Luminal A,Invasive Breast Carcinoma
TCGA-B6-A0WT,TCGA-B6-A0WT-01,Positive,Positive,Negative,Unknown,T2,Luminal A,Invasive Breast Carcinoma
TCGA-B6-A0WV,TCGA-B6-A0WV-01,Positive,Positive,Negative,Unknown,T2,Luminal B,Invasive Breast Carcinoma
TCGA-B6-A0WW,TCGA-B6-A0WW-01,Positive,Positive,Negative,Unknown,T2,Luminal B,Invasive Breast Carcinoma
TCGA-B6-A0WX,TCGA-B6-A0WX-01,Negative,Negative,Negative,X,T3,Basal-like,Invasive Breast Carcinoma
TCGA-B6-A0WY,TCGA-B6-A0WY-01,Positive,Negative,Negative,Unknown,T3,Luminal A,Invasive Breast Carcinoma
TCGA-B6-A0WZ,TCGA-B6-A0WZ-01,Positive,Positive,Negative,Unknown,T2,Luminal A,Invasive Breast Carcinoma
TCGA-B6-A0X0,TCGA-B6-A0X0-01,Positive,Positive,Negative,LumA,T1,Luminal A,Invasive Breast Carcinoma
TCGA-B6-A0X1,TCGA-B6-A0X1-01,Negative,Negative,Unknown,Basal,T2,Basal-like,Invasive Breast Carcinoma
TCGA-B6-A0X4,TCGA-B6-A0X4-01,Positive,Positive,Negative,Unknown,T2,Luminal A,Invasive Breast Carcinoma
TCGA-B6-A0X5,TCGA-B6-A0X5-01,Positive,Positive,Negative,Unknown,T2,Luminal B,Invasive Breast Carcinoma
TCGA-B6-A0X7,TCGA-B6-A0X7-01,Positive,Positive,Negative,Unknown,T1,Luminal A,Invasive Breast Carcinoma
TCGA-B6-A1KC,TCGA-B6-A1KC-01,Positive,Negative,Unknown,Unknown,T2,Unknown,Invasive Breast Carcinoma
TCGA-B6-A1KF,TCGA-B6-A1KF-01,Negative,Negative,Positive,Unknown,T2,Unknown,Invasive Breast Carcinoma
TCGA-B6-A1KI,TCGA-B6-A1KI-01,Positive,Positive,Negative,Unknown,T1,Unknown,Invasive Breast Carcinoma
TCGA-B6-A1KN,TCGA-B6-A1KN-01,Negative,Negative,Positive,Unknown,T4,Unknown,Invasive Breast Carcinoma
TCGA-BH-A0AU,TCGA-BH-A0AU-01,Positive,Positive,Negative,ReacI,T2,Luminal B,Invasive Breast Carcinoma
TCGA-BH-A0AV,TCGA-BH-A0AV-01,Negative,Negative,Negative,ReacII,T1,Basal-like,Invasive Breast Carcinoma
TCGA-BH-A0AW,TCGA-BH-A0AW-01,Positive,Negative,Positive,Unknown,T1,HER2-enriched,Invasive Breast Carcinoma
TCGA-BH-A0AY,TCGA-BH-A0AY-01,Positive,Positive,Negative,ReacI,T2,Luminal B,Invasive Breast Carcinoma
TCGA-BH-A0AZ,TCGA-BH-A0AZ-01,Positive,Positive,Negative,ReacI,T3,Luminal A,Invasive Breast Carcinoma
TCGA-BH-A0B0,TCGA-BH-A0B0-01,Positive,Positive,Negative,ReacI,T1,Luminal A,Invasive Breast Carcinoma
TCGA-BH-A0B1,TCGA-BH-A0B1-01,Positive,Positive,Negative,LumA/B,T2,Luminal A,Invasive Breast Carcinoma
TCGA-BH-A0B2,TCGA-BH-A0B2-01,Positive,Positive,Negative,Unknown,T1,Unknown,Invasive Breast Carcinoma
TCGA-BH-A0B3,TCGA-BH-A0B3-01,Negative,Negative,Negative,Basal,T2,Basal-like,Invasive Breast Carcinoma
TCGA-BH-A0B4,TCGA-BH-A0B4-01,Positive,Positive,Positive,ReacII,T2,Luminal A,Invasive Breast Carcinoma
TCGA-BH-A0B5,TCGA-BH-A0B5-01,Positive,Positive,Negative,ReacII,T2,Luminal B,Invasive Breast Carcinoma
TCGA-BH-A0B7,TCGA-BH-A0B7-01,Positive,Positive,Positive,Her2,T2,HER2-enriched,Invasive Breast Carcinoma
TCGA-BH-A0B8,TCGA-BH-A0B8-01,Positive,Positive,Negative,Unknown,T1,Luminal A,Invasive Breast Carcinoma
TCGA-BH-A0B9,TCGA-BH-A0B9-01,Negative,Negative,Negative,Basal,T1,Basal-like,Invasive Breast Carcinoma
TCGA-BH-A0BA,TCGA-BH-A0BA-01,Positive,Positive,Negative,ReacI,T3,Luminal A,Invasive Breast Carcinoma
TCGA-BH-A0BC,TCGA-BH-A0BC-01,Positive,Positive,Negative,ReacI,T2,Luminal A,Invasive Breast Carcinoma
TCGA-BH-A0BD,TCGA-BH-A0BD-01,Positive,Positive,Negative,Unknown,T1,Luminal B,Invasive Breast Carcinoma
TCGA-BH-A0BF,TCGA-BH-A0BF-01,Positive,Positive,Negative,Basal,T2,Luminal B,Invasive Breast Carcinoma
TCGA-BH-A0BG,TCGA-BH-A0BG-01,Negative,Negative,Negative,Unknown,T1,Basal-like,Invasive Breast Carcinoma
TCGA-BH-A0BJ,TCGA-BH-A0BJ-01,Positive,Positive,Negative,ReacI,T2,Luminal A,Invasive Breast Carcinoma
TCGA-BH-A0BL,TCGA-BH-A0BL-01,Negative,Negative,Negative,Unknown,T1,Basal-like,Invasive Breast Carcinoma
TCGA-BH-A0BM,TCGA-BH-A0BM-01,Positive,Negative,Negative,ReacI,T2,Luminal A,Invasive Breast Carcinoma
TCGA-BH-A0BO,TCGA-BH-A0BO-01,Positive,Positive,Negative,ReacI,T1,Luminal A,Invasive Breast Carcinoma
TCGA-BH-A0BP,TCGA-BH-A0BP-01,Positive,Positive,Negative,ReacI,T1,Luminal A,Invasive Breast Carcinoma
TCGA-BH-A0BQ,TCGA-BH-A0BQ-01,Positive,Positive,Negative,Her2,T1,Luminal A,Invasive Breast Carcinoma
TCGA-BH-A0BR,TCGA-BH-A0BR-01,Positive,Positive,Negative,ReacI,T1,Luminal A,Invasive Breast Carcinoma
TCGA-BH-A0BS,TCGA-BH-A0BS-01,Positive,Positive,Negative,LumA/B,T3,Luminal A,Invasive Breast Carcinoma
TCGA-BH-A0BT,TCGA-BH-A0BT-01,Positive,Positive,Negative,ReacII,T1,Luminal A,Invasive Breast Carcinoma
TCGA-BH-A0BV,TCGA-BH-A0BV-01,Positive,Positive,Negative,LumA/B,T2,Luminal A,Invasive Breast Carcinoma
TCGA-BH-A0BW,TCGA-BH-A0BW-01,Negative,Negative,Negative,Basal,T1,Basal-like,Invasive Breast Carcinoma
TCGA-BH-A0BZ,TCGA-BH-A0BZ-01,Positive,Positive,Negative,X,T3,Luminal B,Invasive Breast Carcinoma
TCGA-BH-A0C0,TCGA-BH-A0C0-01,Positive,Positive,Positive,Basal,T1,Luminal B,Invasive Breast Carcinoma
TCGA-BH-A0C1,TCGA-BH-A0C1-01,Positive,Positive,Negative,ReacII,T3,Luminal A,Invasive Breast Carcinoma
TCGA-BH-A0C3,TCGA-BH-A0C3-01,Positive,Negative,Negative,Her2,T1,Luminal B,Invasive Breast Carcinoma
TCGA-BH-A0C7,TCGA-BH-A0C7-01,Positive,Negative,Positive,LumA/B,T2,Luminal B,Invasive Breast Carcinoma
TCGA-BH-A0DD,TCGA-BH-A0DD-01,Positive,Positive,Positive,LumA/B,T2,Luminal B,Invasive Breast Carcinoma
TCGA-BH-A0DE,TCGA-BH-A0DE-01,Positive,Positive,Negative,Unknown,T2,Luminal A,Invasive Breast Carcinoma
TCGA-BH-A0DG,TCGA-BH-A0DG-01,Positive,Negative,Negative,ReacI,T2,Luminal A,Invasive Breast Carcinoma
TCGA-BH-A0DH,TCGA-BH-A0DH-01,Positive,Positive,Negative,X,T2,Luminal A,Invasive Breast Carcinoma
TCGA-BH-A0DI,TCGA-BH-A0DI-01,Positive,Positive,Negative,ReacI,T2,Luminal A,Invasive Breast Carcinoma
TCGA-BH-A0DK,TCGA-BH-A0DK-01,Positive,Positive,Negative,LumA/B,T2,Luminal A,Invasive Breast Carcinoma
TCGA-BH-A0DL,TCGA-BH-A0DL-01,Positive,Negative,Negative,Basal,T2,Basal-like,Invasive Breast Carcinoma
TCGA-BH-A0DO,TCGA-BH-A0DO-01,Positive,Positive,Negative,Unknown,T1,Luminal A,Invasive Breast Carcinoma
TCGA-BH-A0DP,TCGA-BH-A0DP-01,Positive,Positive,Negative,ReacI,T3,Luminal A,Invasive Breast Carcinoma
TCGA-BH-A0DQ,TCGA-BH-A0DQ-01,Positive,Positive,Negative,Unknown,T2,Luminal A,Invasive Breast Carcinoma
TCGA-BH-A0DS,TCGA-BH-A0DS-01,Positive,Positive,Negative,LumA,T2,Luminal A,Invasive Breast Carcinoma
TCGA-BH-A0DT,TCGA-BH-A0DT-01,Positive,Positive,Negative,LumA,T1,Luminal A,Invasive Breast Carcinoma
TCGA-BH-A0DV,TCGA-BH-A0DV-01,Positive,Positive,Negative,ReacII,T2,Unknown,Invasive Breast Carcinoma
TCGA-BH-A0DX,TCGA-BH-A0DX-01,Positive,Positive,Negative,Unknown,T1,Luminal A,Invasive Breast Carcinoma
TCGA-BH-A0DZ,TCGA-BH-A0DZ-01,Positive,Positive,Positive,Unknown,T2,HER2-enriched,Invasive Breast Carcinoma
TCGA-BH-A0E0,TCGA-BH-A0E0-01,Negative,Negative,Negative,Basal,T3,Basal-like,Invasive Breast Carcinoma
TCGA-BH-A0E1,TCGA-BH-A0E1-01,Positive,Positive,Negative,ReacII,T2,Luminal A,Invasive Breast Carcinoma
TCGA-BH-A0E2,TCGA-BH-A0E2-01,Positive,Positive,Negative,LumA/B,T2,Luminal A,Invasive Breast Carcinoma
TCGA-BH-A0E6,TCGA-BH-A0E6-01,Negative,Negative,Negative,ReacI,T1,Basal-like,Invasive Breast Carcinoma
TCGA-BH-A0E7,TCGA-BH-A0E7-01,Positive,Positive,Negative,LumA,T2,Luminal A,Invasive Breast Carcinoma
TCGA-BH-A0E9,TCGA-BH-A0E9-01,Positive,Positive,Negative,ReacI,T2,Luminal A,Invasive Breast Carcinoma
TCGA-BH-A0EA,TCGA-BH-A0EA-01,Positive,Positive,Negative,ReacI,T1,Luminal A,Invasive Breast Carcinoma
TCGA-BH-A0EB,TCGA-BH-A0EB-01,Positive,Positive,Negative,LumA,T1,Luminal A,Invasive Breast Carcinoma
TCGA-BH-A0EE,TCGA-BH-A0EE-01,Negative,Negative,Positive,Basal,T3,HER2-enriched,Invasive Breast Carcinoma
TCGA-BH-A0EI,TCGA-BH-A0EI-01,Positive,Positive,Negative,LumA,T1,Luminal A,Invasive Breast Carcinoma
TCGA-BH-A0GY,TCGA-BH-A0GY-01,Positive,Positive,Negative,ReacI,T2,Luminal A,Invasive Breast Carcinoma
TCGA-BH-A0GZ,TCGA-BH-A0GZ-01,Positive,Positive,Negative,Unknown,T1,Luminal A,Invasive Breast Carcinoma
TCGA-BH-A0H0,TCGA-BH-A0H0-01,Positive,Positive,Negative,Unknown,T1,Luminal B,Invasive Breast Carcinoma
TCGA-BH-A0H3,TCGA-BH-A0H3-01,Positive,Positive,Negative,Unknown,T1,Luminal A,Invasive Breast Carcinoma
TCGA-BH-A0H5,TCGA-BH-A0H5-01,Positive,Positive,Negative,Basal,T1,Luminal A,Invasive Breast Carcinoma
TCGA-BH-A0H6,TCGA-BH-A0H6-01,Positive,Positive,Negative,ReacI,T1,Luminal A,Invasive Breast Carcinoma
TCGA-BH-A0H7,TCGA-BH-A0H7-01,Positive,Positive,Negative,ReacII,T1,Luminal A,Invasive Breast Carcinoma
TCGA-BH-A0H9,TCGA-BH-A0H9-01,Positive,Positive,Negative,LumA/B,T2,Luminal A,Invasive Breast Carcinoma
TCGA-BH-A0HA,TCGA-BH-A0HA-01,Positive,Positive,Negative,ReacI,T1,Luminal A,Invasive Breast Carcinoma
TCGA-BH-A0HB,TCGA-BH-A0HB-01,Positive,Positive,Negative,Unknown,T1,Luminal A,Invasive Breast Carcinoma
TCGA-BH-A0HF,TCGA-BH-A0HF-01,Positive,Positive,Negative,Unknown,T1,Luminal A,Invasive Breast Carcinoma
TCGA-BH-A0HI,TCGA-BH-A0HI-01,Positive,Positive,Negative,Unknown,T1,Luminal A,Invasive Breast Carcinoma
TCGA-BH-A0HK,TCGA-BH-A0HK-01,Positive,Negative,Negative,LumA/B,T2,Luminal A,Invasive Breast Carcinoma
TCGA-BH-A0HL,TCGA-BH-A0HL-01,Positive,Positive,Negative,LumA/B,T2,Basal-like,Invasive Breast Carcinoma
TCGA-BH-A0HN,TCGA-BH-A0HN-01,Positive,Positive,Negative,ReacI,T1,Basal-like,Invasive Breast Carcinoma
TCGA-BH-A0HO,TCGA-BH-A0HO-01,Positive,Positive,Negative,Unknown,T1,Luminal A,Invasive Breast Carcinoma
TCGA-BH-A0HP,TCGA-BH-A0HP-01,Positive,Negative,Negative,ReacI,T3,Luminal A,Invasive Breast Carcinoma
TCGA-BH-A0HQ,TCGA-BH-A0HQ-01,Positive,Positive,Negative,Unknown,T2,Luminal A,Invasive Breast Carcinoma
TCGA-BH-A0HU,TCGA-BH-A0HU-01,Positive,Positive,Negative,Her2,T1,Luminal B,Invasive Breast Carcinoma
TCGA-BH-A0HW,TCGA-BH-A0HW-01,Positive,Negative,Negative,LumA/B,T1,Luminal B,Invasive Breast Carcinoma
TCGA-BH-A0HX,TCGA-BH-A0HX-01,Positive,Positive,Negative,LumA/B,T2,Luminal A,Invasive Breast Carcinoma
TCGA-BH-A0HY,TCGA-BH-A0HY-01,Positive,Negative,Unknown,ReacII,T1,HER2-enriched,Invasive Breast Carcinoma
TCGA-BH-A0RX,TCGA-BH-A0RX-01,Negative,Negative,Negative,ReacII,T2,Basal-like,Invasive Breast Carcinoma
TCGA-BH-A0W3,TCGA-BH-A0W3-01,Positive,Positive,Negative,Unknown,T1,Luminal B,Invasive Breast Carcinoma
TCGA-BH-A0W4,TCGA-BH-A0W4-01,Positive,Positive,Negative,LumA,T2,Luminal A,Invasive Breast Carcinoma
TCGA-BH-A0W5,TCGA-BH-A0W5-01,Positive,Positive,Negative,LumA,T1,Luminal A,Invasive Breast Carcinoma
TCGA-BH-A0W7,TCGA-BH-A0W7-01,Positive,Positive,Negative,Unknown,T1,Luminal A,Invasive Breast Carcinoma
TCGA-BH-A0WA,TCGA-BH-A0WA-01,Negative,Negative,Negative,Unknown,T1,Basal-like,Invasive Breast Carcinoma
TCGA-BH-A18F,TCGA-BH-A18F-01,Positive,Positive,Negative,ReacI,T2,Luminal B,Invasive Breast Carcinoma
TCGA-BH-A18G,TCGA-BH-A18G-01,Negative,Negative,Negative,Basal,T1,Basal-like,Invasive Breast Carcinoma
TCGA-BH-A18H,TCGA-BH-A18H-01,Positive,Positive,Negative,LumA/B,T1,Luminal A,Invasive Breast Carcinoma
TCGA-BH-A18I,TCGA-BH-A18I-01,Positive,Positive,Negative,Unknown,T1,Luminal A,Invasive Breast Carcinoma
TCGA-BH-A18J,TCGA-BH-A18J-01,Positive,Positive,Negative,ReacII,T4,Luminal B,Invasive Breast Carcinoma
TCGA-BH-A18K,TCGA-BH-A18K-01,Positive,Positive,Negative,Unknown,T1,Basal-like,Invasive Breast Carcinoma
TCGA-BH-A18L,TCGA-BH-A18L-01,Positive,Positive,Unknown,ReacII,T3,Luminal B,Invasive Breast Carcinoma
TCGA-BH-A18M,TCGA-BH-A18M-01,Positive,Positive,Positive,ReacI,T3,Luminal A,Invasive Breast Carcinoma
TCGA-BH-A18N,TCGA-BH-A18N-01,Positive,Positive,Negative,LumA,T2,Luminal A,Invasive Breast Carcinoma
TCGA-BH-A18P,TCGA-BH-A18P-01,Positive,Negative,Negative,X,T1,HER2-enriched,Invasive Breast Carcinoma
TCGA-BH-A18Q,TCGA-BH-A18Q-01,Negative,Negative,Negative,Basal,T2,Basal-like,Invasive Breast Carcinoma
TCGA-BH-A18R,TCGA-BH-A18R-01,Unknown,Negative,Positive,Her2,T2,HER2-enriched,Invasive Breast Carcinoma
TCGA-BH-A18S,TCGA-BH-A18S-01,Positive,Positive,Unknown,LumA/B,T1,Luminal A,Invasive Breast Carcinoma
TCGA-BH-A18T,TCGA-BH-A18T-01,Negative,Negative,Negative,ReacII,T2,Luminal A,Invasive Breast Carcinoma
TCGA-BH-A18U,TCGA-BH-A18U-01,Positive,Positive,Positive,ReacI,T2,Luminal B,Invasive Breast Carcinoma
TCGA-BH-A18V,TCGA-BH-A18V-01,Negative,Negative,Negative,Basal,T2,Basal-like,Invasive Breast Carcinoma
TCGA-BH-A1EN,TCGA-BH-A1EN-01,Negative,Negative,Positive,Unknown,T2,Unknown,Invasive Breast Carcinoma
TCGA-BH-A1EO,TCGA-BH-A1EO-01,Positive,Positive,Negative,Unknown,T1,Luminal A,Invasive Breast Carcinoma
TCGA-BH-A1ES,TCGA-BH-A1ES-01,Positive,Positive,Negative,Unknown,T2,Luminal A,Invasive Breast Carcinoma
TCGA-BH-A1ET,TCGA-BH-A1ET-01,Positive,Positive,Negative,Unknown,T1,Luminal A,Invasive Breast Carcinoma
TCGA-BH-A1EU,TCGA-BH-A1EU-01,Positive,Positive,Negative,Unknown,T1,Luminal A,Invasive Breast Carcinoma
TCGA-BH-A1EV,TCGA-BH-A1EV-01,Positive,Positive,Unknown,Unknown,Unknown,HER2-enriched,Invasive Breast Carcinoma
TCGA-BH-A1EW,TCGA-BH-A1EW-01,Negative,Negative,Negative,Unknown,T2,Luminal B,Invasive Breast Carcinoma
TCGA-BH-A1EX,TCGA-BH-A1EX-01,Positive,Positive,Negative,Unknown,T2,Unknown,Invasive Breast Carcinoma
TCGA-BH-A1EY,TCGA-BH-A1EY-01,Positive,Positive,Negative,Unknown,T2,Unknown,Invasive Breast Carcinoma
TCGA-BH-A1F0,TCGA-BH-A1F0-01,Negative,Unknown,Negative,Unknown,T1,Basal-like,Invasive Breast Carcinoma
TCGA-BH-A1F2,TCGA-BH-A1F2-01,Positive,Positive,Positive,Unknown,T4,Unknown,Invasive Breast Carcinoma
TCGA-BH-A1F5,TCGA-BH-A1F5-01,Positive,Positive,Unknown,Unknown,Unknown,Unknown,Invasive Breast Carcinoma
TCGA-BH-A1F6,TCGA-BH-A1F6-01,Negative,Negative,Unknown,Unknown,Unknown,Unknown,Invasive Breast Carcinoma
TCGA-BH-A1F8,TCGA-BH-A1F8-01,Positive,Positive,Negative,Unknown,T4,Unknown,Invasive Breast Carcinoma
TCGA-BH-A1FB,TCGA-BH-A1FB-01,Positive,Positive,Negative,Unknown,T2,Unknown,Invasive Breast Carcinoma
TCGA-BH-A1FC,TCGA-BH-A1FC-01,Negative,Negative,Negative,Unknown,T1,Unknown,Invasive Breast Carcinoma
TCGA-BH-A1FD,TCGA-BH-A1FD-01,Positive,Positive,Negative,Unknown,T1,Unknown,Invasive Breast Carcinoma
TCGA-BH-A1FE,TCGA-BH-A1FE-01,Positive,Positive,Negative,Unknown,T2,Unknown,Invasive Breast Carcinoma
TCGA-BH-A1FG,TCGA-BH-A1FG-01,Positive,Positive,Unknown,Unknown,T1,Unknown,Invasive Breast Carcinoma
TCGA-BH-A1FH,TCGA-BH-A1FH-01,Positive,Negative,Negative,Unknown,T2,Unknown,Invasive Breast Carcinoma
TCGA-BH-A1FJ,TCGA-BH-A1FJ-01,Negative,Positive,Negative,Unknown,T3,Unknown,Invasive Breast Carcinoma
TCGA-BH-A1FL,TCGA-BH-A1FL-01,Positive,Positive,Negative,Unknown,T2,Unknown,Invasive Breast Carcinoma
TCGA-BH-A1FM,TCGA-BH-A1FM-01,Positive,Negative,Negative,Unknown,T2,Unknown,Invasive Breast Carcinoma
TCGA-BH-A1FN,TCGA-BH-A1FN-01,Positive,Positive,Negative,Unknown,T2,Unknown,Invasive Breast Carcinoma
TCGA-BH-A1FR,TCGA-BH-A1FR-01,Positive,Positive,Negative,Unknown,T4,Unknown,Invasive Breast Carcinoma
TCGA-BH-A1FU,TCGA-BH-A1FU-01,Negative,Negative,Positive,Unknown,T1,Unknown,Invasive Breast Carcinoma
TCGA-BH-A201,TCGA-BH-A201-01,Positive,Positive,Unknown,Unknown,Unknown,Unknown,Invasive Breast Carcinoma
TCGA-BH-A202,TCGA-BH-A202-01,Positive,Positive,Unknown,Unknown,Unknown,Unknown,Invasive Breast Carcinoma
TCGA-BH-A203,TCGA-BH-A203-01,Unknown,Unknown,Unknown,Unknown,Unknown,Unknown,Invasive Breast Carcinoma
TCGA-BH-A204,TCGA-BH-A204-01,Unknown,Unknown,Unknown,Unknown,Unknown,Unknown,Invasive Breast Carcinoma
TCGA-BH-A208,TCGA-BH-A208-01,Unknown,Unknown,Unknown,Unknown,Unknown,Unknown,Invasive Breast Carcinoma
TCGA-BH-A209,TCGA-BH-A209-01,Positive,Positive,Unknown,Unknown,Unknown,Unknown,Invasive Breast Carcinoma
TCGA-BH-A28Q,TCGA-BH-A28Q-01,Positive,Positive,Unknown,Unknown,Unknown,Unknown,Invasive Breast Carcinoma
TCGA-C8-A12K,TCGA-C8-A12K-01,Unknown,Unknown,Negative,Basal,T2,Basal-like,Invasive Breast Carcinoma
TCGA-C8-A12L,TCGA-C8-A12L-01,Negative,Negative,Positive,Her2,T2,HER2-enriched,Invasive Breast Carcinoma
TCGA-C8-A12M,TCGA-C8-A12M-01,Positive,Negative,Unknown,LumA/B,T2,Luminal B,Invasive Breast Carcinoma
TCGA-C8-A12N,TCGA-C8-A12N-01,Positive,Positive,Negative,ReacI,T2,Luminal A,Invasive Breast Carcinoma
TCGA-C8-A12O,TCGA-C8-A12O-01,Positive,Positive,Unknown,Her2,T2,Luminal A,Invasive Breast Carcinoma
TCGA-C8-A12P,TCGA-C8-A12P-01,Negative,Negative,Positive,Her2,T2,HER2-enriched,Invasive Breast Carcinoma
TCGA-C8-A12Q,TCGA-C8-A12Q-01,Negative,Negative,Positive,Her2,T1,HER2-enriched,Invasive Breast Carcinoma
TCGA-C8-A12T,TCGA-C8-A12T-01,Positive,Positive,Positive,ReacII,T2,HER2-enriched,Invasive Breast Carcinoma
TCGA-C8-A12U,TCGA-C8-A12U-01,Positive,Positive,Negative,Basal,T2,Luminal B,Invasive Breast Carcinoma
TCGA-C8-A12V,TCGA-C8-A12V-01,Negative,Negative,Negative,Basal,T2,Basal-like,Invasive Breast Carcinoma
TCGA-C8-A12W,TCGA-C8-A12W-01,Positive,Positive,Negative,ReacII,T4,Luminal B,Invasive Breast Carcinoma
TCGA-C8-A12X,TCGA-C8-A12X-01,Positive,Positive,Negative,LumA/B,T2,Luminal B,Invasive Breast Carcinoma
TCGA-C8-A12Y,TCGA-C8-A12Y-01,Unknown,Unknown,Negative,LumA,T2,Luminal A,Invasive Breast Carcinoma
TCGA-C8-A12Z,TCGA-C8-A12Z-01,Negative,Negative,Positive,Her2,T2,HER2-enriched,Invasive Breast Carcinoma
TCGA-C8-A130,TCGA-C8-A130-01,Positive,Positive,Unknown,Her2,T3,HER2-enriched,Invasive Breast Carcinoma
TCGA-C8-A131,TCGA-C8-A131-01,Negative,Negative,Negative,ReacII,T2,Basal-like,Invasive Breast Carcinoma
TCGA-C8-A132,TCGA-C8-A132-01,Positive,Positive,Positive,Her2,T2,Luminal A,Invasive Breast Carcinoma
TCGA-C8-A133,TCGA-C8-A133-01,Positive,Positive,Negative,LumA/B,T3,Luminal A,Invasive Breast Carcinoma
TCGA-C8-A134,TCGA-C8-A134-01,Negative,Negative,Negative,Basal,T2,Basal-like,Invasive Breast Carcinoma
TCGA-C8-A135,TCGA-C8-A135-01,Negative,Negative,Positive,Her2,T2,HER2-enriched,Invasive Breast Carcinoma
TCGA-C8-A137,TCGA-C8-A137-01,Negative,Negative,Positive,Her2,T2,HER2-enriched,Invasive Breast Carcinoma
TCGA-C8-A138,TCGA-C8-A138-01,Positive,Negative,Positive,Basal,T2,HER2-enriched,Invasive Breast Carcinoma
TCGA-C8-A1HE,TCGA-C8-A1HE-01,Positive,Positive,Negative,Unknown,T2,Unknown,Invasive Breast Carcinoma
TCGA-C8-A1HF,TCGA-C8-A1HF-01,Negative,Positive,Positive,Unknown,T2,HER2-enriched,Invasive Breast Carcinoma
TCGA-C8-A1HG,TCGA-C8-A1HG-01,Positive,Positive,Negative,Unknown,T2,Luminal B,Invasive Breast Carcinoma
TCGA-C8-A1HI,TCGA-C8-A1HI-01,Positive,Positive,Negative,Unknown,T2,Luminal A,Invasive Breast Carcinoma
TCGA-C8-A1HJ,TCGA-C8-A1HJ-01,Negative,Negative,Negative,Unknown,T2,Unknown,Invasive Breast Carcinoma
TCGA-C8-A1HK,TCGA-C8-A1HK-01,Negative,Negative,Positive,Unknown,T2,Unknown,Invasive Breast Carcinoma
TCGA-C8-A1HL,TCGA-C8-A1HL-01,Positive,Negative,Positive,Unknown,T3,Luminal B,Invasive Breast Carcinoma
TCGA-C8-A1HM,TCGA-C8-A1HM-01,Positive,Positive,Negative,Unknown,T2,Luminal B,Invasive Breast Carcinoma
TCGA-C8-A1HN,TCGA-C8-A1HN-01,Positive,Positive,Unknown,Unknown,T2,Luminal B,Invasive Breast Carcinoma
TCGA-C8-A1HO,TCGA-C8-A1HO-01,Positive,Positive,Negative,Unknown,T3,Unknown,Invasive Breast Carcinoma
TCGA-C8-A26V,TCGA-C8-A26V-01,Positive,Positive,Negative,Unknown,T3,Unknown,Invasive Breast Carcinoma
TCGA-C8-A26W,TCGA-C8-A26W-01,Positive,Positive,Positive,Unknown,T2,Unknown,Invasive Breast Carcinoma
TCGA-C8-A26X,TCGA-C8-A26X-01,Negative,Negative,Negative,Unknown,T1,Unknown,Invasive Breast Carcinoma
TCGA-C8-A26Y,TCGA-C8-A26Y-01,Negative,Negative,Negative,Unknown,T2,Unknown,Invasive Breast Carcinoma
TCGA-C8-A26Z,TCGA-C8-A26Z-01,Positive,Positive,Negative,Unknown,T2,Unknown,Invasive Breast Carcinoma
TCGA-C8-A273,TCGA-C8-A273-01,Positive,Positive,Negative,Unknown,T2,Unknown,Invasive Breast Carcinoma
TCGA-C8-A274,TCGA-C8-A274-01,Positive,Positive,Negative,Unknown,T2,Unknown,Invasive Breast Carcinoma
TCGA-C8-A275,TCGA-C8-A275-01,Unknown,Unknown,Positive,Unknown,T1,Unknown,Invasive Breast Carcinoma
TCGA-C8-A278,TCGA-C8-A278-01,Negative,Negative,Positive,Unknown,T2,Unknown,Invasive Breast Carcinoma
TCGA-C8-A27A,TCGA-C8-A27A-01,Positive,Positive,Negative,Unknown,T2,Unknown,Invasive Breast Carcinoma
TCGA-C8-A27B,TCGA-C8-A27B-01,Negative,Negative,Negative,Unknown,T3,Unknown,Invasive Breast Carcinoma
TCGA-D8-A13Y,TCGA-D8-A13Y-01,Positive,Positive,Negative,Basal,T1,Luminal B,Invasive Breast Carcinoma
TCGA-D8-A13Z,TCGA-D8-A13Z-01,Negative,Negative,Negative,Basal,T2,HER2-enriched,Invasive Breast Carcinoma
TCGA-D8-A140,TCGA-D8-A140-01,Positive,Positive,Positive,LumA/B,T2,Luminal B,Invasive Breast Carcinoma
TCGA-D8-A141,TCGA-D8-A141-01,Positive,Positive,Negative,Unknown,T1,Luminal A,Invasive Breast Carcinoma
TCGA-D8-A142,TCGA-D8-A142-01,Negative,Negative,Negative,X,T3,Basal-like,Invasive Breast Carcinoma
TCGA-D8-A143,TCGA-D8-A143-01,Negative,Negative,Negative,Basal,T2,Basal-like,Invasive Breast Carcinoma
TCGA-D8-A145,TCGA-D8-A145-01,Positive,Positive,Negative,ReacI,T1,Luminal A,Invasive Breast Carcinoma
TCGA-D8-A146,TCGA-D8-A146-01,Positive,Positive,Negative,Unknown,T2,Unknown,Invasive Breast Carcinoma
TCGA-D8-A147,TCGA-D8-A147-01,Negative,Negative,Negative,Basal,T2,Basal-like,Invasive Breast Carcinoma
TCGA-D8-A1J8,TCGA-D8-A1J8-01,Positive,Positive,Negative,Unknown,T2,Unknown,Invasive Breast Carcinoma
TCGA-D8-A1J9,TCGA-D8-A1J9-01,Positive,Negative,Positive,Unknown,T1,Unknown,Invasive Breast Carcinoma
TCGA-D8-A1JA,TCGA-D8-A1JA-01,Negative,Negative,Positive,Unknown,T4,Unknown,Invasive Breast Carcinoma
TCGA-D8-A1JB,TCGA-D8-A1JB-01,Positive,Positive,Positive,Unknown,T2,Unknown,Invasive Breast Carcinoma
TCGA-D8-A1JC,TCGA-D8-A1JC-01,Positive,Positive,Negative,Unknown,T2,Unknown,Invasive Breast Carcinoma
TCGA-D8-A1JD,TCGA-D8-A1JD-01,Positive,Positive,Negative,Unknown,T2,Unknown,Invasive Breast Carcinoma
TCGA-D8-A1JE,TCGA-D8-A1JE-01,Positive,Positive,Negative,Unknown,T1,Unknown,Invasive Breast Carcinoma
TCGA-D8-A1JF,TCGA-D8-A1JF-01,Negative,Negative,Negative,Unknown,T1,Unknown,Invasive Breast Carcinoma
TCGA-D8-A1JG,TCGA-D8-A1JG-01,Negative,Negative,Negative,Unknown,T2,Unknown,Invasive Breast Carcinoma
TCGA-D8-A1JH,TCGA-D8-A1JH-01,Positive,Positive,Negative,Unknown,T1,Unknown,Invasive Breast Carcinoma
TCGA-D8-A1JI,TCGA-D8-A1JI-01,Positive,Positive,Negative,Unknown,T1,Unknown,Invasive Breast Carcinoma
TCGA-D8-A1JJ,TCGA-D8-A1JJ-01,Positive,Positive,Negative,Unknown,T2,Unknown,Invasive Breast Carcinoma
TCGA-D8-A1JK,TCGA-D8-A1JK-01,Negative,Positive,Negative,Unknown,T2,Unknown,Invasive Breast Carcinoma
TCGA-D8-A1JL,TCGA-D8-A1JL-01,Negative,Negative,Negative,Unknown,T2,Unknown,Invasive Breast Carcinoma
TCGA-D8-A1JM,TCGA-D8-A1JM-01,Positive,Negative,Negative,Unknown,T2,Unknown,Invasive Breast Carcinoma
TCGA-D8-A1JN,TCGA-D8-A1JN-01,Positive,Positive,Negative,Unknown,T3,Unknown,Invasive Breast Carcinoma
TCGA-D8-A1JP,TCGA-D8-A1JP-01,Positive,Positive,Negative,Unknown,T1,Unknown,Invasive Breast Carcinoma
TCGA-D8-A1JS,TCGA-D8-A1JS-01,Positive,Positive,Negative,Unknown,T1,Unknown,Invasive Breast Carcinoma
TCGA-D8-A1JT,TCGA-D8-A1JT-01,Positive,Positive,Negative,Unknown,T2,Unknown,Invasive Breast Carcinoma
TCGA-D8-A1JU,TCGA-D8-A1JU-01,Positive,Positive,Negative,Unknown,T1,Unknown,Invasive Breast Carcinoma
TCGA-D8-A1X5,TCGA-D8-A1X5-01,Positive,Positive,Positive,Unknown,T2,Unknown,Invasive Breast Carcinoma
TCGA-D8-A1X6,TCGA-D8-A1X6-01,Positive,Positive,Negative,Unknown,T3,Unknown,Invasive Breast Carcinoma
TCGA-D8-A1X7,TCGA-D8-A1X7-01,Positive,Positive,Negative,Unknown,T2,Unknown,Invasive Breast Carcinoma
TCGA-D8-A1X8,TCGA-D8-A1X8-01,Positive,Unknown,Negative,Unknown,T1,Unknown,Invasive Breast Carcinoma
TCGA-D8-A1X9,TCGA-D8-A1X9-01,Positive,Positive,Negative,Unknown,T2,Unknown,Invasive Breast Carcinoma
TCGA-D8-A1XA,TCGA-D8-A1XA-01,Positive,Positive,Negative,Unknown,T1,Unknown,Invasive Breast Carcinoma
TCGA-D8-A1XB,TCGA-D8-A1XB-01,Positive,Positive,Negative,Unknown,T2,Unknown,Invasive Breast Carcinoma
TCGA-D8-A1XC,TCGA-D8-A1XC-01,Positive,Positive,Negative,Unknown,T4,Unknown,Invasive Breast Carcinoma
TCGA-D8-A1XD,TCGA-D8-A1XD-01,Positive,Positive,Negative,Unknown,T1,Unknown,Invasive Breast Carcinoma
TCGA-D8-A1XF,TCGA-D8-A1XF-01,Positive,Positive,Negative,Unknown,T2,Unknown,Invasive Breast Carcinoma
TCGA-D8-A1XG,TCGA-D8-A1XG-01,Positive,Negative,Negative,Unknown,T4,Unknown,Invasive Breast Carcinoma
TCGA-D8-A1XJ,TCGA-D8-A1XJ-01,Positive,Positive,Positive,Unknown,T3,Unknown,Invasive Breast Carcinoma
TCGA-D8-A1XK,TCGA-D8-A1XK-01,Negative,Negative,Negative,Unknown,T2,Unknown,Invasive Breast Carcinoma
TCGA-D8-A1XL,TCGA-D8-A1XL-01,Positive,Positive,Negative,Unknown,T2,Unknown,Invasive Breast Carcinoma
TCGA-D8-A1XM,TCGA-D8-A1XM-01,Positive,Positive,Negative,Unknown,T1,Unknown,Invasive Breast Carcinoma
TCGA-D8-A1XO,TCGA-D8-A1XO-01,Positive,Positive,Negative,Unknown,T2,Unknown,Invasive Breast Carcinoma
TCGA-D8-A1XQ,TCGA-D8-A1XQ-01,Negative,Negative,Negative,Unknown,T2,Unknown,Invasive Breast Carcinoma
TCGA-D8-A1XR,TCGA-D8-A1XR-01,Positive,Positive,Negative,Unknown,T2,Unknown,Invasive Breast Carcinoma
TCGA-D8-A1XS,TCGA-D8-A1XS-01,Positive,Positive,Positive,Unknown,T2,Unknown,Invasive Breast Carcinoma
TCGA-D8-A1XT,TCGA-D8-A1XT-01,Negative,Negative,Positive,Unknown,T1,Unknown,Invasive Breast Carcinoma
TCGA-D8-A1XU,TCGA-D8-A1XU-01,Positive,Positive,Negative,Unknown,T1,Unknown,Invasive Breast Carcinoma
TCGA-D8-A1XV,TCGA-D8-A1XV-01,Positive,Positive,Negative,Unknown,T2,Unknown,Invasive Breast Carcinoma
TCGA-D8-A1XW,TCGA-D8-A1XW-01,Negative,Positive,Negative,Unknown,T2,Unknown,Invasive Breast Carcinoma
TCGA-D8-A1XY,TCGA-D8-A1XY-01,Positive,Positive,Positive,Unknown,T2,Unknown,Invasive Breast Carcinoma
TCGA-D8-A1XZ,TCGA-D8-A1XZ-01,Positive,Negative,Negative,Unknown,T1,Unknown,Invasive Breast Carcinoma
TCGA-D8-A1Y0,TCGA-D8-A1Y0-01,Positive,Positive,Negative,Unknown,T1,Unknown,Invasive Breast Carcinoma
TCGA-D8-A1Y1,TCGA-D8-A1Y1-01,Positive,Positive,Negative,Unknown,T3,Unknown,Invasive Breast Carcinoma
TCGA-D8-A1Y2,TCGA-D8-A1Y2-01,Positive,Positive,Negative,Unknown,T2,Unknown,Invasive Breast Carcinoma
TCGA-D8-A1Y3,TCGA-D8-A1Y3-01,Positive,Positive,Negative,Unknown,T2,Unknown,Invasive Breast Carcinoma
TCGA-D8-A27E,TCGA-D8-A27E-01,Positive,Positive,Negative,Unknown,T1,Unknown,Invasive Breast Carcinoma
TCGA-D8-A27F,TCGA-D8-A27F-01,Negative,Negative,Negative,Unknown,T2,Unknown,Invasive Breast Carcinoma
TCGA-D8-A27G,TCGA-D8-A27G-01,Positive,Positive,Negative,Unknown,T2,Unknown,Invasive Breast Carcinoma
TCGA-D8-A27H,TCGA-D8-A27H-01,Negative,Negative,Negative,Unknown,T2,Unknown,Invasive Breast Carcinoma
TCGA-D8-A27I,TCGA-D8-A27I-01,Positive,Positive,Negative,Unknown,T1,Unknown,Invasive Breast Carcinoma
TCGA-D8-A27K,TCGA-D8-A27K-01,Positive,Positive,Negative,Unknown,T2,Unknown,Invasive Breast Carcinoma
TCGA-D8-A27L,TCGA-D8-A27L-01,Positive,Positive,Negative,Unknown,T1,Unknown,Invasive Breast Carcinoma
TCGA-D8-A27M,TCGA-D8-A27M-01,Negative,Negative,Negative,Unknown,T1,Unknown,Invasive Breast Carcinoma
TCGA-D8-A27N,TCGA-D8-A27N-01,Positive,Positive,Positive,Unknown,T2,Unknown,Invasive Breast Carcinoma
TCGA-D8-A27P,TCGA-D8-A27P-01,Positive,Positive,Negative,Unknown,T1,Unknown,Invasive Breast Carcinoma
TCGA-D8-A27R,TCGA-D8-A27R-01,Positive,Positive,Negative,Unknown,T2,Unknown,Invasive Breast Carcinoma
TCGA-D8-A27T,TCGA-D8-A27T-01,Positive,Positive,Negative,Unknown,T2,Unknown,Invasive Breast Carcinoma
TCGA-D8-A27V,TCGA-D8-A27V-01,Positive,Positive,Negative,Unknown,T2,Unknown,Invasive Breast Carcinoma
TCGA-D8-A27W,TCGA-D8-A27W-01,Positive,Positive,Positive,Unknown,T4,Unknown,Invasive Breast Carcinoma
TCGA-E2-A105,TCGA-E2-A105-01,Positive,Positive,Unknown,Unknown,T2,Luminal A,Invasive Breast Carcinoma
TCGA-E2-A106,TCGA-E2-A106-01,Positive,Positive,Negative,Unknown,T1,Luminal A,Invasive Breast Carcinoma
TCGA-E2-A107,TCGA-E2-A107-01,Positive,Negative,Negative,LumA/B,T3,Luminal B,Invasive Breast Carcinoma
TCGA-E2-A108,TCGA-E2-A108-01,Positive,Positive,Negative,ReacI,T2,Normal-like,Invasive Breast Carcinoma
TCGA-E2-A109,TCGA-E2-A109-01,Positive,Negative,Negative,LumA/B,T2,Luminal B,Invasive Breast Carcinoma
TCGA-E2-A10A,TCGA-E2-A10A-01,Positive,Positive,Negative,LumA/B,T3,Luminal B,Invasive Breast Carcinoma
TCGA-E2-A10B,TCGA-E2-A10B-01,Positive,Positive,Negative,LumA,T2,Luminal A,Invasive Breast Carcinoma
TCGA-E2-A10C,TCGA-E2-A10C-01,Positive,Positive,Negative,ReacI,T2,Luminal B,Invasive Breast Carcinoma
TCGA-E2-A10E,TCGA-E2-A10E-01,Positive,Positive,Negative,LumA/B,T1,Luminal A,Invasive Breast Carcinoma
TCGA-E2-A10F,TCGA-E2-A10F-01,Positive,Positive,Negative,Unknown,T2,Luminal A,Invasive Breast Carcinoma
TCGA-E2-A14N,TCGA-E2-A14N-01,Negative,Negative,Negative,Unknown,T2,Basal-like,Invasive Breast Carcinoma
TCGA-E2-A14O,TCGA-E2-A14O-01,Positive,Positive,Negative,LumA/B,T3,Luminal B,Invasive Breast Carcinoma
TCGA-E2-A14P,TCGA-E2-A14P-01,Negative,Negative,Positive,Her2,T2,HER2-enriched,Invasive Breast Carcinoma
TCGA-E2-A14Q,TCGA-E2-A14Q-01,Positive,Positive,Negative,LumA,T2,Luminal A,Invasive Breast Carcinoma
TCGA-E2-A14R,TCGA-E2-A14R-01,Negative,Negative,Negative,Unknown,T2,Basal-like,Invasive Breast Carcinoma
TCGA-E2-A14S,TCGA-E2-A14S-01,Positive,Positive,Negative,LumA/B,T1,Luminal B,Invasive Breast Carcinoma
TCGA-E2-A14T,TCGA-E2-A14T-01,Positive,Positive,Negative,LumA/B,T2,Luminal A,Invasive Breast Carcinoma
TCGA-E2-A14V,TCGA-E2-A14V-01,Positive,Positive,Positive,Her2,T2,HER2-enriched,Invasive Breast Carcinoma
TCGA-E2-A14W,TCGA-E2-A14W-01,Positive,Positive,Positive,Her2,T2,Luminal B,Invasive Breast Carcinoma
TCGA-E2-A14X,TCGA-E2-A14X-01,Negative,Negative,Negative,ReacII,T2,Basal-like,Invasive Breast Carcinoma
TCGA-E2-A14Y,TCGA-E2-A14Y-01,Positive,Positive,Positive,ReacII,T2,Basal-like,Invasive Breast Carcinoma
TCGA-E2-A14Z,TCGA-E2-A14Z-01,Positive,Positive,Negative,LumA,T1,Luminal A,Invasive Breast Carcinoma
TCGA-E2-A150,TCGA-E2-A150-01,Negative,Negative,Negative,X,T2,Basal-like,Invasive Breast Carcinoma
TCGA-E2-A152,TCGA-E2-A152-01,Positive,Negative,Positive,Her2,T1,HER2-enriched,Invasive Breast Carcinoma
TCGA-E2-A153,TCGA-E2-A153-01,Positive,Positive,Negative,LumA,T1,Luminal A,Invasive Breast Carcinoma
TCGA-E2-A154,TCGA-E2-A154-01,Positive,Positive,Negative,LumA,T1,Luminal A,Invasive Breast Carcinoma
TCGA-E2-A155,TCGA-E2-A155-01,Positive,Negative,Negative,LumA/B,T2,Luminal B,Invasive Breast Carcinoma
TCGA-E2-A156,TCGA-E2-A156-01,Positive,Positive,Negative,LumA,T1,Luminal A,Invasive Breast Carcinoma
TCGA-E2-A158,TCGA-E2-A158-01,Negative,Negative,Negative,Basal,T1,Basal-like,Invasive Breast Carcinoma
TCGA-E2-A159,TCGA-E2-A159-01,Negative,Negative,Negative,Basal,T2,Basal-like,Invasive Breast Carcinoma
TCGA-E2-A15A,TCGA-E2-A15A-01,Positive,Positive,Negative,Her2,T2,Luminal B,Invasive Breast Carcinoma
TCGA-E2-A15C,TCGA-E2-A15C-01,Positive,Positive,Negative,ReacI,T1,Luminal A,Invasive Breast Carcinoma
TCGA-E2-A15D,TCGA-E2-A15D-01,Positive,Positive,Negative,LumA,T2,Luminal A,Invasive Breast Carcinoma
TCGA-E2-A15E,TCGA-E2-A15E-01,Positive,Positive,Positive,Her2,T1,Luminal A,Invasive Breast Carcinoma
TCGA-E2-A15F,TCGA-E2-A15F-01,Positive,Positive,Negative,ReacI,T2,Luminal A,Invasive Breast Carcinoma
TCGA-E2-A15G,TCGA-E2-A15G-01,Positive,Positive,Negative,LumA,T2,Luminal A,Invasive Breast Carcinoma
TCGA-E2-A15H,TCGA-E2-A15H-01,Positive,Positive,Positive,Her2,T1,Luminal A,Invasive Breast Carcinoma
TCGA-E2-A15I,TCGA-E2-A15I-01,Positive,Positive,Negative,Unknown,T2,Luminal A,Invasive Breast Carcinoma
TCGA-E2-A15J,TCGA-E2-A15J-01,Positive,Positive,Negative,LumA/B,T1,Luminal A,Invasive Breast Carcinoma
TCGA-E2-A15K,TCGA-E2-A15K-01,Positive,Positive,Negative,LumA,T2,Luminal B,Invasive Breast Carcinoma
TCGA-E2-A15L,TCGA-E2-A15L-01,Positive,Positive,Negative,ReacI,T2,Luminal B,Invasive Breast Carcinoma
TCGA-E2-A15M,TCGA-E2-A15M-01,Positive,Positive,Negative,ReacI,T2,Luminal B,Invasive Breast Carcinoma
TCGA-E2-A15O,TCGA-E2-A15O-01,Positive,Positive,Negative,LumA,T2,Luminal A,Invasive Breast Carcinoma
TCGA-E2-A15P,TCGA-E2-A15P-01,Positive,Positive,Negative,ReacI,T1,Luminal A,Invasive Breast Carcinoma
TCGA-E2-A15R,TCGA-E2-A15R-01,Positive,Positive,Negative,LumA/B,T1,Luminal A,Invasive Breast Carcinoma
TCGA-E2-A15S,TCGA-E2-A15S-01,Positive,Negative,Negative,LumA/B,T2,Luminal B,Invasive Breast Carcinoma
TCGA-E2-A15T,TCGA-E2-A15T-01,Positive,Positive,Negative,LumA/B,T2,Luminal B,Invasive Breast Carcinoma
TCGA-E2-A1AZ,TCGA-E2-A1AZ-01,Negative,Negative,Negative,Basal,T2,Basal-like,Invasive Breast Carcinoma
TCGA-E2-A1B0,TCGA-E2-A1B0-01,Negative,Negative,Positive,ReacI,T2,HER2-enriched,Invasive Breast Carcinoma
TCGA-E2-A1B1,TCGA-E2-A1B1-01,Positive,Positive,Positive,ReacI,T2,Luminal A,Invasive Breast Carcinoma
TCGA-E2-A1B4,TCGA-E2-A1B4-01,Positive,Positive,Negative,LumA/B,T1,Luminal A,Invasive Breast Carcinoma
TCGA-E2-A1B5,TCGA-E2-A1B5-01,Positive,Positive,Negative,ReacI,T2,Basal-like,Invasive Breast Carcinoma
TCGA-E2-A1B6,TCGA-E2-A1B6-01,Negative,Negative,Negative,Basal,T2,Luminal A,Invasive Breast Carcinoma
TCGA-E2-A1BC,TCGA-E2-A1BC-01,Positive,Positive,Negative,ReacI,T1,Luminal A,Invasive Breast Carcinoma
TCGA-E2-A1BD,TCGA-E2-A1BD-01,Positive,Positive,Negative,LumA,T2,Luminal A,Invasive Breast Carcinoma
TCGA-E2-A1IE,TCGA-E2-A1IE-01,Positive,Positive,Negative,Unknown,T2,Unknown,Invasive Breast Carcinoma
TCGA-E2-A1IF,TCGA-E2-A1IF-01,Positive,Positive,Negative,Unknown,T1,Unknown,Invasive Breast Carcinoma
TCGA-E2-A1IG,TCGA-E2-A1IG-01,Positive,Positive,Unknown,Unknown,T2,Unknown,Invasive Breast Carcinoma
TCGA-E2-A1IH,TCGA-E2-A1IH-01,Positive,Positive,Negative,Unknown,T1,Unknown,Invasive Breast Carcinoma
TCGA-E2-A1II,TCGA-E2-A1II-01,Negative,Positive,Negative,Unknown,T1,Unknown,Invasive Breast Carcinoma
TCGA-E2-A1IJ,TCGA-E2-A1IJ-01,Positive,Positive,Negative,Unknown,T1,Unknown,Invasive Breast Carcinoma
TCGA-E2-A1IK,TCGA-E2-A1IK-01,Positive,Positive,Negative,Unknown,T1,Unknown,Invasive Breast Carcinoma
TCGA-E2-A1IL,TCGA-E2-A1IL-01,Positive,Positive,Negative,Unknown,T1,Unknown,Invasive Breast Carcinoma
TCGA-E2-A1IN,TCGA-E2-A1IN-01,Positive,Positive,Negative,Unknown,T1,Unknown,Invasive Breast Carcinoma
TCGA-E2-A1IO,TCGA-E2-A1IO-01,Positive,Positive,Negative,Unknown,T1,Unknown,Invasive Breast Carcinoma
TCGA-E2-A1IP,TCGA-E2-A1IP-01,Positive,Negative,Negative,Unknown,T2,Unknown,Invasive Breast Carcinoma
TCGA-E2-A1IU,TCGA-E2-A1IU-01,Positive,Positive,Negative,Unknown,T1,Unknown,Invasive Breast Carcinoma
TCGA-E2-A1L6,TCGA-E2-A1L6-01,Positive,Positive,Negative,Unknown,T1,Unknown,Invasive Breast Carcinoma
TCGA-E2-A1L7,TCGA-E2-A1L7-01,Negative,Negative,Negative,Unknown,T2,Unknown,Invasive Breast Carcinoma
TCGA-E2-A1L8,TCGA-E2-A1L8-01,Positive,Positive,Negative,Unknown,T2,Unknown,Invasive Breast Carcinoma
TCGA-E2-A1L9,TCGA-E2-A1L9-01,Positive,Positive,Negative,Unknown,T1,Unknown,Invasive Breast Carcinoma
TCGA-E2-A1LA,TCGA-E2-A1LA-01,Positive,Positive,Negative,Unknown,T1,Unknown,Invasive Breast Carcinoma
TCGA-E2-A1LB,TCGA-E2-A1LB-01,Negative,Negative,Positive,Unknown,T2,Unknown,Invasive Breast Carcinoma
TCGA-E2-A1LG,TCGA-E2-A1LG-01,Negative,Negative,Negative,Unknown,T2,Unknown,Invasive Breast Carcinoma
TCGA-E2-A1LH,TCGA-E2-A1LH-01,Negative,Negative,Negative,Unknown,T1,Unknown,Invasive Breast Carcinoma
TCGA-E2-A1LI,TCGA-E2-A1LI-01,Negative,Negative,Negative,Unknown,T2,Unknown,Invasive Breast Carcinoma
TCGA-E2-A1LK,TCGA-E2-A1LK-01,Negative,Negative,Negative,Unknown,T3,Unknown,Invasive Breast Carcinoma
TCGA-E2-A1LL,TCGA-E2-A1LL-01,Negative,Negative,Negative,Unknown,T3,Unknown,Invasive Breast Carcinoma
TCGA-E2-A1LS,TCGA-E2-A1LS-01,Negative,Negative,Negative,Unknown,T1,Unknown,Invasive Breast Carcinoma
TCGA-E9-A1N3,TCGA-E9-A1N3-01,Unknown,Unknown,Negative,Unknown,T1,Unknown,Invasive Breast Carcinoma
TCGA-E9-A1N4,TCGA-E9-A1N4-01,Positive,Positive,Negative,Unknown,T2,Unknown,Invasive Breast Carcinoma
TCGA-E9-A1N5,TCGA-E9-A1N5-01,Positive,Positive,Negative,Unknown,T2,Unknown,Invasive Breast Carcinoma
TCGA-E9-A1N6,TCGA-E9-A1N6-01,Positive,Positive,Positive,Unknown,T2,Unknown,Invasive Breast Carcinoma
TCGA-E9-A1N8,TCGA-E9-A1N8-01,Negative,Unknown,Negative,Unknown,T2,Unknown,Invasive Breast Carcinoma
TCGA-E9-A1N9,TCGA-E9-A1N9-01,Negative,Positive,Negative,Unknown,T2,Unknown,Invasive Breast Carcinoma
TCGA-E9-A1NA,TCGA-E9-A1NA-01,Positive,Positive,Negative,Unknown,T2,Unknown,Invasive Breast Carcinoma
TCGA-E9-A1NC,TCGA-E9-A1NC-01,Negative,Positive,Negative,Unknown,T2,Unknown,Invasive Breast Carcinoma
TCGA-E9-A1ND,TCGA-E9-A1ND-01,Negative,Negative,Negative,Unknown,T2,Unknown,Invasive Breast Carcinoma
TCGA-E9-A1NE,TCGA-E9-A1NE-01,Positive,Positive,Negative,Unknown,T2,Unknown,Invasive Breast Carcinoma
TCGA-E9-A1NF,TCGA-E9-A1NF-01,Positive,Positive,Negative,Unknown,T2,Unknown,Invasive Breast Carcinoma
TCGA-E9-A1NG,TCGA-E9-A1NG-01,Positive,Positive,Negative,Unknown,T2,Unknown,Invasive Breast Carcinoma
TCGA-E9-A1NH,TCGA-E9-A1NH-01,Positive,Positive,Negative,Unknown,T2,Unknown,Invasive Breast Carcinoma
TCGA-E9-A1NI,TCGA-E9-A1NI-01,Positive,Positive,Negative,Unknown,T2,Unknown,Invasive Breast Carcinoma
TCGA-E9-A1QZ,TCGA-E9-A1QZ-01,Unknown,Unknown,Negative,Unknown,T2,Unknown,Invasive Breast Carcinoma
TCGA-E9-A1R0,TCGA-E9-A1R0-01,Unknown,Unknown,Negative,Unknown,T1,Unknown,Invasive Breast Carcinoma
TCGA-E9-A1R2,TCGA-E9-A1R2-01,Positive,Negative,Negative,Unknown,T2,Unknown,Invasive Breast Carcinoma
TCGA-E9-A1R3,TCGA-E9-A1R3-01,Unknown,Unknown,Negative,Unknown,T2,Unknown,Invasive Breast Carcinoma
TCGA-E9-A1R4,TCGA-E9-A1R4-01,Unknown,Unknown,Negative,Unknown,T1,Unknown,Invasive Breast Carcinoma
TCGA-E9-A1R5,TCGA-E9-A1R5-01,Unknown,Unknown,Negative,Unknown,T1,Unknown,Invasive Breast Carcinoma
TCGA-E9-A1R6,TCGA-E9-A1R6-01,Unknown,Unknown,Negative,Unknown,T2,Unknown,Invasive Breast Carcinoma
TCGA-E9-A1R7,TCGA-E9-A1R7-01,Unknown,Unknown,Negative,Unknown,T2,Unknown,Invasive Breast Carcinoma
TCGA-E9-A1RA,TCGA-E9-A1RA-01,Unknown,Unknown,Negative,Unknown,T1,Unknown,Invasive Breast Carcinoma
TCGA-E9-A1RB,TCGA-E9-A1RB-01,Unknown,Unknown,Negative,Unknown,T2,Unknown,Invasive Breast Carcinoma
TCGA-E9-A1RC,TCGA-E9-A1RC-01,Unknown,Unknown,Negative,Unknown,T4,Unknown,Invasive Breast Carcinoma
TCGA-E9-A1RD,TCGA-E9-A1RD-01,Unknown,Unknown,Negative,Unknown,T2,Unknown,Invasive Breast Carcinoma
TCGA-E9-A1RE,TCGA-E9-A1RE-01,Unknown,Unknown,Negative,Unknown,T2,Unknown,Invasive Breast Carcinoma
TCGA-E9-A1RF,TCGA-E9-A1RF-01,Unknown,Unknown,Negative,Unknown,T2,Unknown,Invasive Breast Carcinoma
TCGA-E9-A1RG,TCGA-E9-A1RG-01,Unknown,Unknown,Negative,Unknown,T1,Unknown,Invasive Breast Carcinoma
TCGA-E9-A1RH,TCGA-E9-A1RH-01,Unknown,Unknown,Negative,Unknown,T2,Unknown,Invasive Breast Carcinoma
TCGA-E9-A1RI,TCGA-E9-A1RI-01,Unknown,Unknown,Unknown,Unknown,T1,Unknown,Invasive Breast Carcinoma
TCGA-E9-A226,TCGA-E9-A226-01,Unknown,Unknown,Negative,Unknown,T2,Unknown,Invasive Breast Carcinoma
TCGA-E9-A227,TCGA-E9-A227-01,Positive,Positive,Negative,Unknown,T2,Unknown,Invasive Breast Carcinoma
TCGA-E9-A228,TCGA-E9-A228-01,Unknown,Unknown,Positive,Unknown,T2,Unknown,Invasive Breast Carcinoma
TCGA-E9-A229,TCGA-E9-A229-01,Unknown,Unknown,Negative,Unknown,T1,Unknown,Invasive Breast Carcinoma
TCGA-E9-A22A,TCGA-E9-A22A-01,Positive,Negative,Negative,Unknown,T2,Unknown,Invasive Breast Carcinoma
TCGA-E9-A22B,TCGA-E9-A22B-01,Positive,Negative,Negative,Unknown,T1,Unknown,Invasive Breast Carcinoma
TCGA-E9-A22D,TCGA-E9-A22D-01,Positive,Positive,Positive,Unknown,T2,Unknown,Invasive Breast Carcinoma
TCGA-E9-A22E,TCGA-E9-A22E-01,Positive,Positive,Negative,Unknown,T2,Unknown,Invasive Breast Carcinoma
TCGA-E9-A22G,TCGA-E9-A22G-01,Negative,Negative,Negative,Unknown,T2,Unknown,Invasive Breast Carcinoma
TCGA-E9-A22H,TCGA-E9-A22H-01,Positive,Positive,Negative,Unknown,T2,Unknown,Invasive Breast Carcinoma
TCGA-E9-A243,TCGA-E9-A243-01,Unknown,Unknown,Negative,Unknown,T2,Unknown,Invasive Breast Carcinoma
TCGA-E9-A244,TCGA-E9-A244-01,Unknown,Unknown,Negative,Unknown,T2,Unknown,Invasive Breast Carcinoma
TCGA-E9-A245,TCGA-E9-A245-01,Unknown,Unknown,Negative,Unknown,T2,Unknown,Invasive Breast Carcinoma
TCGA-E9-A247,TCGA-E9-A247-01,Unknown,Unknown,Negative,Unknown,T1,Unknown,Invasive Breast Carcinoma
TCGA-E9-A248,TCGA-E9-A248-01,Unknown,Unknown,Negative,Unknown,T2,Unknown,Invasive Breast Carcinoma
TCGA-E9-A249,TCGA-E9-A249-01,Unknown,Unknown,Negative,Unknown,T2,Unknown,Invasive Breast Carcinoma
TCGA-E9-A24A,TCGA-E9-A24A-01,Unknown,Unknown,Negative,Unknown,T1,Unknown,Invasive Breast Carcinoma
TCGA-E9-A295,TCGA-E9-A295-01,Unknown,Unknown,Unknown,Unknown,Unknown,Unknown,Invasive Breast Carcinoma
TCGA-EW-A1IW,TCGA-EW-A1IW-01,Positive,Positive,Positive,Unknown,T2,Unknown,Invasive Breast Carcinoma
TCGA-EW-A1IX,TCGA-EW-A1IX-01,Positive,Positive,Negative,Unknown,T1,Unknown,Invasive Breast Carcinoma
TCGA-EW-A1IY,TCGA-EW-A1IY-01,Positive,Positive,Negative,Unknown,T1,Unknown,Invasive Breast Carcinoma
TCGA-EW-A1IZ,TCGA-EW-A1IZ-01,Positive,Positive,Negative,Unknown,T2,Unknown,Invasive Breast Carcinoma
TCGA-EW-A1J1,TCGA-EW-A1J1-01,Positive,Positive,Negative,Unknown,T2,Unknown,Invasive Breast Carcinoma
TCGA-EW-A1J2,TCGA-EW-A1J2-01,Positive,Positive,Negative,Unknown,T1,Unknown,Invasive Breast Carcinoma
TCGA-EW-A1J3,TCGA-EW-A1J3-01,Positive,Positive,Positive,Unknown,T1,Unknown,Invasive Breast Carcinoma
TCGA-EW-A1J5,TCGA-EW-A1J5-01,Positive,Positive,Negative,Unknown,T3,Unknown,Invasive Breast Carcinoma
TCGA-EW-A1J6,TCGA-EW-A1J6-01,Positive,Positive,Negative,Unknown,T1,Unknown,Invasive Breast Carcinoma
TCGA-EW-A1OV,TCGA-EW-A1OV-01,Negative,Negative,Negative,Unknown,T2,Unknown,Invasive Breast Carcinoma
TCGA-EW-A1OW,TCGA-EW-A1OW-01,Negative,Negative,Negative,Unknown,T2,Unknown,Invasive Breast Carcinoma
TCGA-EW-A1OX,TCGA-EW-A1OX-01,Positive,Positive,Negative,Unknown,T2,Unknown,Invasive Breast Carcinoma
TCGA-EW-A1OY,TCGA-EW-A1OY-01,Positive,Positive,Negative,Unknown,T2,Unknown,Invasive Breast Carcinoma
TCGA-EW-A1OZ,TCGA-EW-A1OZ-01,Positive,Negative,Positive,Unknown,T2,Unknown,Invasive Breast Carcinoma
TCGA-EW-A1P0,TCGA-EW-A1P0-01,Positive,Negative,Negative,Unknown,T2,Unknown,Invasive Breast Carcinoma
TCGA-EW-A1P1,TCGA-EW-A1P1-01,Negative,Negative,Negative,Unknown,T2,Unknown,Invasive Breast Carcinoma
TCGA-EW-A1P3,TCGA-EW-A1P3-01,Positive,Positive,Negative,Unknown,T2,Unknown,Invasive Breast Carcinoma
TCGA-EW-A1P4,TCGA-EW-A1P4-01,Negative,Negative,Negative,Unknown,T2,Unknown,Invasive Breast Carcinoma
TCGA-EW-A1P5,TCGA-EW-A1P5-01,Positive,Positive,Negative,Unknown,T2,Unknown,Invasive Breast Carcinoma
TCGA-EW-A1P6,TCGA-EW-A1P6-01,Positive,Positive,Negative,Unknown,T2,Unknown,Invasive Breast Carcinoma
TCGA-EW-A1P7,TCGA-EW-A1P7-01,Negative,Negative,Negative,Unknown,T2,Unknown,Invasive Breast Carcinoma
TCGA-EW-A1P8,TCGA-EW-A1P8-01,Negative,Negative,Negative,Unknown,T2,Unknown,Invasive Breast Carcinoma
TCGA-EW-A1PA,TCGA-EW-A1PA-01,Positive,Positive,Negative,Unknown,T2,Unknown,Invasive Breast Carcinoma
TCGA-EW-A1PB,TCGA-EW-A1PB-01,Negative,Negative,Negative,Unknown,T3,Unknown,Invasive Breast Carcinoma
TCGA-EW-A1PD,TCGA-EW-A1PD-01,Positive,Positive,Positive,Unknown,T1,Unknown,Invasive Breast Carcinoma
TCGA-EW-A1PE,TCGA-EW-A1PE-01,Positive,Positive,Negative,Unknown,T1,Unknown,Invasive Breast Carcinoma
TCGA-EW-A1PF,TCGA-EW-A1PF-01,Positive,Positive,Negative,Unknown,T1,Unknown,Invasive Breast Carcinoma
TCGA-EW-A1PG,TCGA-EW-A1PG-01,Positive,Positive,Negative,Unknown,T2,Unknown,Invasive Breast Carcinoma
TCGA-EW-A1PH,TCGA-EW-A1PH-01,Negative,Negative,Unknown,Unknown,T1,Unknown,Invasive Breast Carcinoma
TCGA-EW-A2FS,TCGA-EW-A2FS-01,Positive,Negative,Unknown,Unknown,Unknown,Unknown,Invasive Breast Carcinoma
TCGA-EW-A2FV,TCGA-EW-A2FV-01,Positive,Positive,Unknown,Unknown,Unknown,Unknown,Invasive Breast Carcinoma
TCGA-EW-A2FW,TCGA-EW-A2FW-01,Positive,Positive,Unknown,Unknown,Unknown,Unknown,Invasive Breast Carcinoma
TCGA-GI-A2C8,TCGA-GI-A2C8-01,Unknown,Unknown,Unknown,Unknown,Unknown,Unknown,Invasive Breast Carcinoma
TCGA-GM-A2D9,TCGA-GM-A2D9-01,Positive,Positive,Unknown,Unknown,Unknown,Unknown,Invasive Breast Carcinoma
TCGA-GM-A2DA,TCGA-GM-A2DA-01,Positive,Positive,Unknown,Unknown,Unknown,Unknown,Invasive Breast Carcinoma
TCGA-GM-A2DB,TCGA-GM-A2DB-01,Negative,Negative,Unknown,Unknown,Unknown,Unknown,Invasive Breast Carcinoma
TCGA-GM-A2DC,TCGA-GM-A2DC-01,Positive,Positive,Unknown,Unknown,Unknown,Unknown,Invasive Breast Carcinoma
TCGA-GM-A2DD,TCGA-GM-A2DD-01,Negative,Negative,Unknown,Unknown,Unknown,Unknown,Invasive Breast Carcinoma
TCGA-GM-A2DF,TCGA-GM-A2DF-01,Negative,Negative,Unknown,Unknown,Unknown,Unknown,Invasive Breast Carcinoma
TCGA-GM-A2DH,TCGA-GM-A2DH-01,Negative,Negative,Unknown,Unknown,Unknown,Unknown,Invasive Breast Carcinoma
TCGA-GM-A2DI,TCGA-GM-A2DI-01,Negative,Negative,Unknown,Unknown,Unknown,Unknown,Invasive Breast Carcinoma
TCGA-GM-A2DK,TCGA-GM-A2DK-01,Positive,Negative,Unknown,Unknown,Unknown,Unknown,Invasive Breast Carcinoma
TCGA-GM-A2DL,TCGA-GM-A2DL-01,Positive,Positive,Unknown,Unknown,Unknown,Unknown,Invasive Breast Carcinoma
TCGA-GM-A2DM,TCGA-GM-A2DM-01,Positive,Positive,Unknown,Unknown,Unknown,Unknown,Invasive Breast Carcinoma
TCGA-GM-A2DN,TCGA-GM-A2DN-01,Positive,Positive,Unknown,Unknown,Unknown,Unknown,Invasive Breast Carcinoma
TCGA-GM-A2DO,TCGA-GM-A2DO-01,Positive,Positive,Unknown,Unknown,Unknown,Unknown,Invasive Breast Carcinoma
